index,published,keyword,domain,language,valid,title,description,url,image,archive,content,quote,de,en,la,added
2c51259dcf4df1673d9682f453312c22,2026-07-01T16:15:00Z,'avalanche warning system',www.newser.com,en,0.2,"Shasta Climber Falls 1.5K Feet, Lives to Tell the Tale","One climber's attempt to summit Mount Shasta turned into a 1,500-foot plunge—and a rare survival story. Officials say the 31-year-old woman, part of a group of three ""novice"" climbers on the Avalanche Gulch route around 13,000 feet, tumbled down the steep fac…",https://www.newser.com/story/392065/shasta-climber-falls-15k-feet-lives-to-tell-the-tale.html,https://img1-azrcdn.newser.com/image/1695810-12-20260701111502.jpeg,http://web.archive.org/web/20260701164922/https://www.newser.com/story/392065/shasta-climber-falls-15k-feet-lives-to-tell-the-tale.html,"One climber's attempt to summit Mount Shasta turned into a 1,500-foot plunge—and a rare survival story. Officials say the 31-year-old woman, part of a group of three ""novice"" climbers on the Avalanch… [+958 chars]",,"Shasta Climber fällt 1,5000 Fuß hoch, lebt, um die Geschichte zu erzählen. Der Versuch eines Bergsteigers, den Mount Shasta zu besteigen, wurde zu einem 1.500-Fuß-Absturz – und zu einer seltenen Überlebensgeschichte. Beamte sagten, die 31-jährige Frau, Teil einer Gruppe von drei „Anfänger“-Kletterern auf der Avalanche Gulch-Route in etwa 13.000 Fuß Höhe, sei die steile Wand hinuntergestürzt.","Shasta Climber Falls 1.5K Feet, Lives to Tell the Tale. One climber's attempt to summit Mount Shasta turned into a 1,500-foot plunge—and a rare survival story. Officials say the 31-year-old woman, part of a group of three ""novice"" climbers on the Avalanche Gulch route around 13,000 feet, tumbled down the steep fac…","Shasta Climber cadit 1.5K Pedes, Vitas narrare fabulam. Conatus unus exhibuit in cacumen Montis Shasta se in immersionem pedis 1,500 - et raram superstitem fabulam. Magistratus dicunt mulierem XXXI annorum, partem globi trium ""noviciorum"" ascendentium in itinere Avalanche gulch circa 13,000 pedes, praecipitatum fac…",2026-07-03 23:13:55+00:00
bcb45bd0129b1123f3a19e51e15626b2,2026-07-02T00:52:43Z,'avalanche rescue',www.foxnews.com,en,0.7,"Novice climber survives 1,500-foot drop on California's Mount Shasta after helicopter rescue delayed by clouds","Climbing rangers hiked up Mount Shasta on foot after cloud cover blocked a direct helicopter rescue of a woman who slid 1,500 feet down Avalanche Gulch.",https://www.foxnews.com/us/novice-climber-survives-1500-foot-drop-californias-mount-shasta-after-helicopter-rescue-delayed-clouds,https://static.foxnews.com/foxnews.com/content/uploads/2026/07/dramatic-rescue-on-mount-shasta-fox-news-001.jpg,http://web.archive.org/web/20260703053834/https://www.foxnews.com/us/novice-climber-survives-1500-foot-drop-californias-mount-shasta-after-helicopter-rescue-delayed-clouds,"A 31-year-old novice climber survived a roughly 1,500-foot slide down California's Mount Shasta after worsening weather forced rescuers to abandon plans for a direct helicopter rescue, sending climbi… [+4096 chars]",,"Anfänger überlebt einen 1.500-Fuß-Absturz am kalifornischen Mount Shasta, nachdem die Helikopterrettung durch Wolken verzögert wurde. Bergsteiger wanderten zu Fuß den Mount Shasta hinauf, nachdem die Wolkendecke eine direkte Helikopterrettung einer Frau verhinderte, die 1.500 Fuß den Avalanche Gulch hinabgerutscht war.","Novice climber survives 1,500-foot drop on California's Mount Shasta after helicopter rescue delayed by clouds. Climbing rangers hiked up Mount Shasta on foot after cloud cover blocked a direct helicopter rescue of a woman who slid 1,500 feet down Avalanche Gulch.","Novitius exhibuit superstes 1,500-pedum gutta in monte Shasta Californiae post helicopterum nebulis morantibus liberandum. Scandentes vagantes montem Shasta in pede inspexerunt postquam nubes operimentum obstruxit directum helicopterum liberandum mulieris quae 1,500 pedibus delapsae NIVIS PYLAE.",2026-07-03 23:13:55+00:00
e4a0180327c4250418cdc813855c770a,2026-07-01T00:26:11Z,'avalanche missing',consent.yahoo.com,en,0.2,"Golden Knights Hand Avalanche Another Loss, Hire Eagles Head Coach Mark Letestu","The Golden Knights have poached a key member of the Avalanche organization, hiring Colorado Eagles head coach Mark Letestu after he led the AHL affiliate to the Western Conference Finals in his lone season behind the bench.",https://consent.yahoo.com/v2/collectConsent?sessionId=1_cc-session_ed958af0-c166-42cf-98f6-a46f53e193e8,,,"If you click 'Accept all', we and our partners, including 249 who are part of the IAB Transparency &amp; Consent Framework, will also store and / or access information on a device (in other words, us… [+1046 chars]",,"Golden Knights bescheren Avalanche einen weiteren Verlust, engagieren Eagles-Cheftrainer Mark Letestu. Die Golden Knights haben ein wichtiges Mitglied der Avalanche-Organisation abgeworben und den Cheftrainer der Colorado Eagles, Mark Letestu, engagiert, nachdem er die AHL-Tochter in seiner einzigen Saison hinter der Bank ins Finale der Western Conference geführt hatte.","Golden Knights Hand Avalanche Another Loss, Hire Eagles Head Coach Mark Letestu. The Golden Knights have poached a key member of the Avalanche organization, hiring Colorado Eagles head coach Mark Letestu after he led the AHL affiliate to the Western Conference Finals in his lone season behind the bench.","Aurei equites manus NIVIS aliud damnum, conducere aquilas caput PETORITUM Mark Letestu. Equites Aurei membri Avalanche organisationis clavem collocaverunt, Colorado aquilae raeda caput conducentes Mark Letestu postquam AHL affiliatum ad Occidentalem Conferentiam Finales duxit in suo soli tempore post scamnum.",2026-07-04 23:05:41+00:00
7e17f8c405811fe7dba8581cec7fe31b,2026-07-01T11:00:02Z,'avalanche warning system',www.theverge.com,en,0.3,Range anxiety,"The storm developed quickly over west central Illinois on April 17th, first as a single high-intensity system called a supercell, and then later that evening transforming into a long squall line of thunderstorms. Tucked inside a wall of wind were several smal…",https://www.theverge.com/cs/features/938196/rivian-r2-ev-factory-supply-chain,https://platform.theverge.com/wp-content/uploads/sites/2/2026/06/268434_Rivian_Factory_ATahlier_0009_3x4.jpg?quality=90&strip=all&crop=0%2C15.095986038394%2C100%2C69.808027923211&w=1200,http://web.archive.org/web/20260701233811/https://www.theverge.com/cs/features/938196/rivian-r2-ev-factory-supply-chain,"The storm developed quickly over west central Illinois on April 17th, first as a single high-intensity system called a supercell, and then later that evening transforming into a long squall line of t… [+51381 chars]",,"Reichweitenangst. Der Sturm entwickelte sich am 17. April schnell über West-Zentral-Illinois, zunächst als einzelnes System hoher Intensität, das als Superzelle bezeichnet wird, und verwandelte sich dann später am Abend in eine lange Sturmböenreihe. Versteckt in einer Windwand befanden sich mehrere kleine…","Range anxiety. The storm developed quickly over west central Illinois on April 17th, first as a single high-intensity system called a supercell, and then later that evening transforming into a long squall line of thunderstorms. Tucked inside a wall of wind were several smal…","Anxietates. Tempestas celeriter in occidentem media Illinois die 17 Aprilis processit, primum ut una ratio summus intensionem supercellam appellavit, deinde vespera illa in longam procellis tonitribus aciem convertens. Accingebantur intra murum venti parvæ aliquot…",2026-07-06 08:38:41+00:00
a23712e9f50f7de401ac0fd714633881,2026-07-03T18:00:00Z,'avalanche mountain',www.milehighhockey.com,en,0.2,Avalanche Bests and Blursts: 2005-2010,This is the third in an ongoing series covering thirty years of bests (and blursts) of Colorado Avalanche hockey!,https://www.milehighhockey.com/colorado-avalanche-feature-stories/64784/avalanche-bests-and-blursts-2005-2010,https://s.yimg.com/lo/mysterio/api/9b238e19f0605495b447551f05b3e9c87dd4eaaa6962f58fe3a3ce4e7e1c92f3/lightyear_networkapi/resizefill_w1200;quality_80;format_webp/https:%2F%2Fmedia.zenfs.com%2Fen%2Fsb_nation_articles_115%2Febe315c94470f0cb8616ca7238637528,http://web.archive.org/web/20260704061327/https://www.milehighhockey.com/colorado-avalanche-feature-stories/64784/avalanche-bests-and-blursts-2005-2010,"The past thirty years of Avalanche hockey have featured incredible highs, and some very, very dismal lows.
As an avid fan of The Simpsons, I've witnessed plenty of ""best of times"" moments, but also … [+19402 chars]",,Avalanche Bests und Blursts: 2005-2010. Dies ist der dritte Teil einer fortlaufenden Serie über dreißig Jahre voller Bestleistungen (und Höhepunkte) des Colorado Avalanche-Eishockeys!,Avalanche Bests and Blursts: 2005-2010. This is the third in an ongoing series covering thirty years of bests (and blursts) of Colorado Avalanche hockey!,Avalanche Raptores et Blursts: 2005-2010. Haec tertia est in serie continua triginta annorum obductis optimis (et blursts) hockey Colorado Avalanche!,2026-07-06 23:15:58+00:00
76ae4843292c5b70d4d2a395a5f718d3,2026-07-04T19:00:11Z,'avalanche mountain',thehockeynews.com,en,0.2,Avalanche's Cale Makar Extension Overshadows Artturi Lehkonen's Potential Contract Extension,"While locking down Cale Makar and his contract extension is likely the Avalanche's top priority, it looms over the potential shape of a potential Artturi Lehkonen contract.",https://thehockeynews.com/nhl/colorado-avalanche/players/avalanches-cale-makar-extension-overshadows-artturi-lehkonens-potential-contract-extension,https://s.yimg.com/ny/api/res/1.2/2mYJ03ygcuRerhWHFerOmg--/YXBwaWQ9aGlnaGxhbmRlcjt3PTEyMDA7aD04MTM7Y2Y9d2VicA--/https://media.zenfs.com/en/the_hockey_news_colorado_avalanche_articles_301/6f3a8484923b6afd59ed0df5769708f0,,"As July 1st, 2026, has passed, Cale Makar is available for a contract extension. He is set to be an unrestricted free agent next summer, and with how much the cap is going up, today's price is not to… [+5957 chars]",,"Die Verlängerung von Cale Makar durch Avalanche stellt die mögliche Vertragsverlängerung von Artturi Lehkonen in den Schatten. Während die Sperrung von Cale Makar und seine Vertragsverlängerung wahrscheinlich oberste Priorität für die Avalanche haben, steht die mögliche Ausgestaltung eines potenziellen Vertrags mit Artturi Lehkonen im Vordergrund.","Avalanche's Cale Makar Extension Overshadows Artturi Lehkonen's Potential Contract Extension. While locking down Cale Makar and his contract extension is likely the Avalanche's top priority, it looms over the potential shape of a potential Artturi Lehkonen contract.","Extensio Avalanche's Cale Makar obumbrat Artturi Lehkonen Potentialis Contractus Extensio. Dum obfirmatis deorsum Cale Makar et extensio contractus verisimile est prioritatem verticem Avalanche, instat super figura potentiale contractus potentiae Artturi Lehkonen.",2026-07-06 23:15:58+00:00
4d97476772c98ee0f12ed0d46cee8f2b,2026-07-05T18:43:22Z,'avalanche mountain',thehockeynews.com,en,0.2,Why The Avalanche Should Avoid The Shane Wright Gamble,"Shane Wright’s name is surfacing in trade speculation as a potential buy-low target for the Colorado Avalanche, but questions about fit, consistency, and Colorado’s win-now timeline suggest this is a gamble the franchise may be better off avoiding.",https://thehockeynews.com/nhl/colorado-avalanche/latest-news/why-the-avalanche-should-avoid-the-shane-wright-gamble,https://s.yimg.com/lo/mysterio/api/c5b668bdf09fa2ac9f0f4daaac03709cd826e841c339286331b416e4a05a3eda/lightyear_networkapi/resizefill_w1200;quality_80;format_webp/https:%2F%2Fmedia.zenfs.com%2Fen%2Fthe_hockey_news_colorado_avalanche_articles_301%2F5cfd50e2317454d66e4ea42b889150c9,,"The Colorado Avalanche have already taken a swing on a reclamation project this offseason, but some fans believe general manager Joe Sakic isn't done yetwith calls growing for another gamble, this ti… [+5520 chars]",,"Warum die Avalanche das Shane-Wright-Glücksspiel vermeiden sollte. Shane Wrights Name taucht in Handelsspekulationen als potenzielles Buy-Low-Ziel für die Colorado Avalanche auf, aber Fragen zu Passform, Konstanz und Colorados Win-Now-Zeitplan deuten darauf hin, dass dies ein Wagnis ist, das die Franchise besser vermeiden sollte.","Why The Avalanche Should Avoid The Shane Wright Gamble. Shane Wright’s name is surfacing in trade speculation as a potential buy-low target for the Colorado Avalanche, but questions about fit, consistency, and Colorado’s win-now timeline suggest this is a gamble the franchise may be better off avoiding.","Cur NIVIS vitare debet Shane Wright Gamble. Shane Wright nomen in speculatione mercaturae superficies est ut potentiale scopum emere-low pro Colorado Avalanche, quaestiones autem de commodo, constantia et Colorado conciliare nunc timeline hoc suadeant lusum libertatis melius esse vitandum.",2026-07-06 23:15:58+00:00
a9d3cb1353d5f1f159d990c1b01e8870,2026-07-06T17:19:33Z,'avalanche search',thehockeynews.com,en,0.2,Insider Reports The Avalanche Were In The Running For Jets’ Connor Hellebuyck,"With how crazy free agency has been, the Colorado Avalanche might have almost taken the lead in the biggest trade, given what is being reported.",https://thehockeynews.com/nhl/colorado-avalanche/latest-news/insider-reports-the-avalanche-were-in-the-running-for-jets-connor-hellebuyck,https://s.yimg.com/ny/api/res/1.2/qjYmUkVuFztZ3PSyD7e8mg--/YXBwaWQ9aGlnaGxhbmRlcjt3PTEyMDA7aD04MjQ7Y2Y9d2VicA--/https://media.zenfs.com/en/the_hockey_news_colorado_avalanche_articles_301/9f793034b4eed3741c8c3bc92702d3a6,,"The 2026 NHL Offseason has been one for the books, with the cap ceiling rising and many teams and players taking advantage. With ever-increasing cap hits, trades, offer sheets, and more, the Colorado… [+5208 chars]",,"Insider berichten, dass die Avalanche im Rennen um Connor Hellebuyck von den Jets waren. Angesichts der verrückten Free Agency hätte die Colorado Avalanche, wenn man bedenkt, was berichtet wird, beinahe die Führung im größten Trade übernommen.","Insider Reports The Avalanche Were In The Running For Jets’ Connor Hellebuyck. With how crazy free agency has been, the Colorado Avalanche might have almost taken the lead in the biggest trade, given what is being reported.","Insider Renuntiationes The Avalanche erant in Running For Jets Connor Hellebuyck. Quam insanus liberorum procuratio facta est, Colorado Avalanche principatum in maximis commercii fere cepisse potuit, quod nuntiatur datum.",2026-07-09 07:47:00+00:00
3c281c96ab3b39848d4289a850cd4f5e,2026-07-07T16:13:36Z,'avalanche search',cryptobriefing.com,en,0.2,Spain vs Belgium World Cup quarterfinal is crypto’s biggest stage yet,"The integration of crypto in major sports events like the World Cup could redefine fan engagement and test blockchain scalability on a global scale.
The post Spain vs Belgium World Cup quarterfinal is crypto’s biggest stage yet appeared first on Crypto Briefi…",https://cryptobriefing.com/spain-belgium-world-cup-crypto-fan-tokens/,https://static.cryptobriefing.com/wp-content/uploads/2026/07/07121329/belgium-history-flag-map-population-currency-climate-facts-b-800x420.jpeg,,"Kraken's historic FIFA sponsorship, surging fan tokens, and Avalanche-powered collectibles are turning the July 10 match at SoFi Stadium into a proving ground for sports crypto adoption. When Spain a… [+3202 chars]",,"Das Viertelfinale der WM zwischen Spanien und Belgien ist die bislang größte Phase der Kryptowährungen. Die Integration von Kryptowährungen in große Sportveranstaltungen wie die Weltmeisterschaft könnte die Einbindung der Fans neu definieren und die Skalierbarkeit der Blockchain auf globaler Ebene testen.
Das Post-Viertelfinale der Weltmeisterschaft zwischen Spanien und Belgien ist die bisher größte Phase der Kryptowährungen und erschien zuerst auf Crypto Briefi …","Spain vs Belgium World Cup quarterfinal is crypto’s biggest stage yet. The integration of crypto in major sports events like the World Cup could redefine fan engagement and test blockchain scalability on a global scale.
The post Spain vs Belgium World Cup quarterfinal is crypto’s biggest stage yet appeared first on Crypto Briefi…","Hispania vs Belgium World Cup meridionalis crypto maximus adhuc scaena est. Cryptae integratio in ludis maioribus eventibus, sicut Mundus Calicem in certamine ventilationis reducere potuit et in scalabilitate impedimenti probandi in global scala.
Post Hispaniam vs Belgium World Cup quarta pars maxima est crypto in Crypto Briefi... primus apparuit.",2026-07-09 07:47:00+00:00
124b2c23f3d4d862ba3afb129780bf42,2026-07-04T14:55:36Z,'avalanche missing',thehockeynews.com,en,0.2,Leo Carlsson’s $90 Million Deal Just Reignited The Cale Makar Contract Debate — And It’s Missing The Point,"Leo Carlsson’s $90 million extension in Philadelphia sparked immediate questions in Colorado, but Cale Makar’s next contract was never going to be shaped by it.",https://thehockeynews.com/nhl/colorado-avalanche/latest-news/leo-carlsson-s-90-million-deal-just-reignited-the-cale-makar-contract-debate-and-it-s-missing-the-point,https://s.yimg.com/ny/api/res/1.2/NaW6jfuJXBZd0n2oGvZ85w--/YXBwaWQ9aGlnaGxhbmRlcjt3PTEyMDA7aD04MDM7Y2Y9d2VicA--/https://media.zenfs.com/en/the_hockey_news_colorado_avalanche_articles_301/261e27a6e05e25f3d6a313156caf0a71,,"One contract doesnt usually shift a leagues center of gravity but every so often, it sparks the same question everywhere it lands.
So when the Philadelphia Flyers handed Leo Carlsson a five-year, $9… [+4934 chars]",,"Leo Carlssons 90-Millionen-Dollar-Deal hat gerade die Vertragsdebatte mit Cale Makar neu entfacht – und das geht am Thema vorbei. Leo Carlssons 90-Millionen-Dollar-Vertragsverlängerung in Philadelphia löste in Colorado sofort Fragen aus, aber Cale Makars nächster Vertrag würde davon nie geprägt sein.","Leo Carlsson’s $90 Million Deal Just Reignited The Cale Makar Contract Debate — And It’s Missing The Point. Leo Carlsson’s $90 million extension in Philadelphia sparked immediate questions in Colorado, but Cale Makar’s next contract was never going to be shaped by it.","Leo Carlsson $90 Million Deal Just Reignited The Cale Makar Contractus Debate — And It's Missing The Point. Leo Carlsson in Philadelphia $ XC decies centena milia extensionis in Colorado quaestiones immediatas excussit, sed Cale Makar in proximo contractus numquam ab ea formandus est.",2026-07-09 16:07:10+00:00
d6361cf26f0508a075dbbacb310da935,2026-07-06T16:47:08Z,'avalanche rescue',cryptobriefing.com,en,0.2,"AVAX One announces CEO transition, appoints Pete Wylie Jr. as interim leader","AVAX One's leadership change could impact its strategic direction, influencing AVAX token dynamics and investor confidence in crypto treasuries.
The post AVAX One announces CEO transition, appoints Pete Wylie Jr. as interim leader appeared first on Crypto Bri…",https://cryptobriefing.com/avax-one-ceo-transition-pete-wylie/,https://static.cryptobriefing.com/wp-content/uploads/2026/07/06124701/pete-wylie-sinful-single-800x420.jpeg,,"The Avalanche treasury company's CEO Jolie Kahn departed by mutual agreement, leaving the COO to steer a firm sitting on nearly $95 million in AVAX tokens. AVAX One Technology, the Nasdaq-listed comp… [+2580 chars]",,"AVAX One gibt den Wechsel des CEO bekannt und ernennt Pete Wylie Jr. zum Interimsleiter. Der Führungswechsel von AVAX One könnte sich auf seine strategische Ausrichtung auswirken und die AVAX-Token-Dynamik und das Vertrauen der Anleger in Krypto-Staatsanleihen beeinflussen.
Der Beitrag AVAX One kündigt CEO-Wechsel an und ernennt Pete Wylie Jr. zum Interimsleiter erschien zuerst auf Crypto Bri…","AVAX One announces CEO transition, appoints Pete Wylie Jr. as interim leader. AVAX One's leadership change could impact its strategic direction, influencing AVAX token dynamics and investor confidence in crypto treasuries.
The post AVAX One announces CEO transition, appoints Pete Wylie Jr. as interim leader appeared first on Crypto Bri…","AVAX CEO nuntiat transitum, Pete Wylie Jr. interim ducem ponit. AVAX Unius ductoris mutationi opportunam directionem suam infringere potuit, AVAX indicium dynamicorum et investor fiduciae in cryptis thesauris inducens.
Post AVAX Transitum CEO nuntiat, Pete Wylie Jr. interim ducem primo in Crypto Bri apparuit.",2026-07-09 23:20:27+00:00
23ed5fce8cc504236fd0f546f3c04d94,2026-07-01T09:30:00Z,'avalanche rescue',nypost.com,en,0.3,"Woman falls 1,500 feet down Mt. Shasta — leaves rescuers baffled by her condition","The rescue was complicated by low cloud cover, forcing rescuers to reach her on foot.",https://nypost.com/2026/07/01/us-news/novice-climber-31-survives-1500-foot-fall-down-mount-shasta/,https://nypost.com/wp-content/uploads/sites/2/2026/07/132882301.jpg?quality=75&strip=all&w=1200,http://web.archive.org/web/20260702075216/https://nypost.com/2026/07/01/us-news/novice-climber-31-survives-1500-foot-fall-down-mount-shasta/,"A novice climber somehow survived a terrifying 1,500-foot tumble down California’s Mount Shasta on Sunday astonishing rescuers who found her awake and conscious after the massive fall.
The 31-year-o… [+2153 chars]",,"Frau stürzt 1.500 Fuß den Mt. Shasta hinunter – Retter sind über ihren Zustand verwirrt. Die Rettung wurde durch die niedrige Wolkendecke erschwert, so dass die Retter gezwungen waren, sie zu Fuß zu erreichen.","Woman falls 1,500 feet down Mt. Shasta — leaves rescuers baffled by her condition. The rescue was complicated by low cloud cover, forcing rescuers to reach her on foot.","Mulier mille quingentos pedes decidit in montem Shasta — relinquit servatores sua conditione elusos. Sublevatio erat perplexa nubes humili operimento, ut eam in pedes pervenire cogeret.",2026-07-09 23:20:27+00:00
cae80a566801c9a795f484bfb439e644,2026-07-07T00:32:59Z,'avalanche protection',strata.highloop.co,en,0.3,Strata – An app that talks me out of dying outdoors,"Real-time backcountry safety analysis, live group awareness, and smart route discovery for skiers, hikers, and mountaineers.",https://strata.highloop.co/,https://strata.highloop.co/og-image.png,http://web.archive.org/web/20260708100830/https://strata.highloop.co/,"Backcountry trip planning · iOS
No spreadsheets, no five-app shuffle. Strata reads the
 avalanche bulletin, the slope angle, the aspect, and the live
 weather for any route then tells you, in plai… [+3918 chars]",,"Strata – Eine App, die mir das Sterben im Freien abrät. Echtzeit-Sicherheitsanalyse im Hinterland, Live-Gruppenbewusstsein und intelligente Routenfindung für Skifahrer, Wanderer und Bergsteiger.","Strata – An app that talks me out of dying outdoors. Real-time backcountry safety analysis, live group awareness, and smart route discovery for skiers, hikers, and mountaineers.","Strata - App quod me loquitur de foris mori. Realis-tempus salutis analysin fundi, vita coetus conscientia, et itineris captiosi inventio pro skiers, hikers et montani.",2026-07-10 15:36:51+00:00
ea0cae7d076ef61267c6d3f1e395b4c4,2026-07-04T15:50:10Z,'avalanche snow',consent.yahoo.com,en,0.2,“Unreal”: Beckett Hamilton Begins Avalanche Journey After “Surreal” Draft Day in Buffalo,"Beckett Hamilton reflected on his “surreal” draft day in Buffalo, being selected 74th overall by the Colorado Avalanche, and his early impressions of life inside the organization as he begins his NHL path.",https://consent.yahoo.com/v2/collectConsent?sessionId=1_cc-session_fe5be99a-4cc1-4843-9bde-1137d8b94971,,,"If you click 'Accept all', we and our partners, including 249 who are part of the IAB Transparency &amp; Consent Framework, will also store and / or access information on a device (in other words, us… [+1046 chars]",,"„Unreal“: Beckett Hamilton beginnt seine Lawinenreise nach dem „Surreal“ Draft Day in Buffalo. Beckett Hamilton dachte über seinen „surrealen“ Draft-Tag in Buffalo nach, als er von der Colorado Avalanche auf Platz 74 der Gesamtwertung gewählt wurde, und über seine ersten Eindrücke vom Leben innerhalb der Organisation, als er seinen NHL-Weg begann.","“Unreal”: Beckett Hamilton Begins Avalanche Journey After “Surreal” Draft Day in Buffalo. Beckett Hamilton reflected on his “surreal” draft day in Buffalo, being selected 74th overall by the Colorado Avalanche, and his early impressions of life inside the organization as he begins his NHL path.","""Unreal"": Amicis Hamilton incipit NIVIS iter Post ""Surreal"" Dies in Buffalo Draft. Beckett Hamilton de die suo ""surreal"" capturam in Buffalo meditatus est, 74th altiore a Colorado Avalanche electus est, et primae notae vitae intra ordinationem suam dum NHL iter incipit.",2026-07-10 23:06:37+00:00
bd3917482b383f6bcab39a1c10bf1436,2026-07-04T19:22:51Z,'avalanche search',consent.yahoo.com,en,0.2,Why Nick Blankenburg Could Be Headed Back to Nashville After Brief Avalanche Stint,Nick Blankenburg’s brief stint with the Colorado Avalanche could already be leading back to familiar ground in Nashville as free agency approaches.,https://consent.yahoo.com/v2/collectConsent?sessionId=1_cc-session_bd1d39ac-be77-47f0-86c7-e99e65ddceb4,,,"If you click 'Accept all', we and our partners, including 249 who are part of the IAB Transparency &amp; Consent Framework, will also store and / or access information on a device (in other words, us… [+1046 chars]",,"Warum Nick Blankenburg nach einem kurzen Lawinenaufenthalt nach Nashville zurückkehren könnte. Nick Blankenburgs kurze Zeit bei der Colorado Avalanche könnte in Nashville bereits zu vertrautem Terrain führen, während die Free Agency näher rückt.",Why Nick Blankenburg Could Be Headed Back to Nashville After Brief Avalanche Stint. Nick Blankenburg’s brief stint with the Colorado Avalanche could already be leading back to familiar ground in Nashville as free agency approaches.,Quare Nick Blankenburg potuit reverti ad Nashville post brevem NIVIS Stint. Nick Blankenburgius brevem notam cum Colorado Avalanche iam reducere potuit ad familiarem terram Nashville ut liberum accessum procurationis.,2026-07-10 23:06:37+00:00
cfaf25bea5a7ff16f9d7bab2783dc0c2,2026-07-05T00:47:28Z,'avalanche snow',consent.yahoo.com,en,0.2,"Avalanche Sign Veteran Defenseman Christian Wolanin To One-Year, Two-Way Deal","The Colorado Avalanche added veteran defenseman Christian Wolanin on a one-year, two-way contract as he continues to push for another NHL opportunity.",https://consent.yahoo.com/v2/collectConsent?sessionId=1_cc-session_a36a99e2-51ca-4ea2-be94-3b81b9db0bc6,,,"If you click 'Accept all', we and our partners, including 249 who are part of the IAB Transparency &amp; Consent Framework, will also store and / or access information on a device (in other words, us… [+1046 chars]",,"Avalanche verpflichtet den erfahrenen Verteidiger Christian Wolanin zu einem Einjahresvertrag in beide Richtungen. Die Colorado Avalanche haben den erfahrenen Verteidiger Christian Wolanin mit einem Zweijahresvertrag für ein Jahr verpflichtet, während er weiterhin auf eine weitere NHL-Chance drängt.","Avalanche Sign Veteran Defenseman Christian Wolanin To One-Year, Two-Way Deal. The Colorado Avalanche added veteran defenseman Christian Wolanin on a one-year, two-way contract as he continues to push for another NHL opportunity.","Avalanche Sign Veterani Defenseman Christian Wolanin Ad unum annum, Duo-via Fac. The Colorado Avalanche addidit veteranum defensoris Christiani Wolanin in unum annum, duos modos contractus, dum pergit occasionem NHL impellere ad aliam.",2026-07-10 23:06:37+00:00
a275c8e9b70f23b2b1b90f6ef8770fac,2026-07-06T12:00:00Z,'avalanche snow',consent.yahoo.com,en,0.2,Weekly Cupcakes: Wolanin joins the Avalanche organization,"Colorado Avalanche News Christian Wolanin has followed in his father’s footsteps to Denver, seeking a roster spot with the Avalanche after a long journey through the AHL. [The Hockey News] The Colorado Avalanche Hockey Club announced today the team has signed…",https://consent.yahoo.com/v2/collectConsent?sessionId=1_cc-session_a0124de9-4905-43d0-ab3c-938da9163cd9,,,"If you click 'Accept all', we and our partners, including 249 who are part of the IAB Transparency &amp; Consent Framework, will also store and / or access information on a device (in other words, us… [+1046 chars]",,"Wöchentliche Cupcakes: Wolanin tritt der Avalanche-Organisation bei. Colorado Avalanche News Christian Wolanin ist in die Fußstapfen seines Vaters getreten und nach Denver gegangen, um nach einer langen Reise durch die AHL einen Kaderplatz bei den Avalanche zu suchen. [The Hockey News] Der Colorado Avalanche Hockey Club gab heute bekannt, dass das Team…","Weekly Cupcakes: Wolanin joins the Avalanche organization. Colorado Avalanche News Christian Wolanin has followed in his father’s footsteps to Denver, seeking a roster spot with the Avalanche after a long journey through the AHL. [The Hockey News] The Colorado Avalanche Hockey Club announced today the team has signed…","Weekly Cupcakes: Wolanin iungit NIVIS ordinationem. Colorado Avalanche News Christianus Wolanin vestigia patris in Denver secutus est, rostri loco cum Avalanche post longum iter AHL quaerens. [Hockey Nuntii] The Colorado Avalanche Hockey Club nuntiavit hodie turmas signavit…",2026-07-10 23:06:37+00:00
b94ae8debf25d14f2b594dc113dd736e,2026-07-06T16:36:01Z,'avalanche snow',cryptobriefing.com,en,0.2,AVAX One launches CEO search after resignation of interim leader Jolie Kahn,"The CEO search could impact AVAX One's strategic direction and investor confidence amid existing financial challenges and market volatility.
The post AVAX One launches CEO search after resignation of interim leader Jolie Kahn appeared first on Crypto Briefing.",https://cryptobriefing.com/avax-one-ceo-search-kahn-resignation/,https://static.cryptobriefing.com/wp-content/uploads/2026/07/06123553/jolie-kahn-800x420.jpeg,,"The Avalanche-focused treasury company taps executive search firm ZRG Partners to find a permanent replacement while COO Pete Wylie holds down the fort AVAX One Technology, the NASDAQ-listed company … [+2184 chars]",,"AVAX One startet CEO-Suche nach Rücktritt der Interimsleiterin Jolie Kahn. Die Suche nach einem CEO könnte sich angesichts bestehender finanzieller Herausforderungen und Marktvolatilität auf die strategische Ausrichtung und das Vertrauen der Anleger von AVAX One auswirken.
Der Beitrag AVAX One startet CEO-Suche nach dem Rücktritt der Interimsleiterin Jolie Kahn erschien zuerst auf Crypto Briefing.","AVAX One launches CEO search after resignation of interim leader Jolie Kahn. The CEO search could impact AVAX One's strategic direction and investor confidence amid existing financial challenges and market volatility.
The post AVAX One launches CEO search after resignation of interim leader Jolie Kahn appeared first on Crypto Briefing.","AVAX One movet CEO inquisitionem post renuntiationem ducis Jolie Kahn interim. Inquisitionis CEO potuit infringere AVAX One opportuna directio et investor fiduciae inter provocationes nummarias et mercatus LEVITAS.
Post AVAX unus investigationem movet CEO post renuntiationem ducis interim Jolie Kahn in Crypto Briefing primus apparuit.",2026-07-10 23:06:37+00:00
166f6c9a32031d139db732aa078dd087,2026-07-02T03:01:28Z,'avalanche snow',www.dailymail.com,en,0.3,Bitter polar blast to freeze millions of Aussies with snow dumps finally expected on our barren ski fields,A strong cold front lurking over the Great Australian Bight is surging towards Tasmania and the south-east mainland,https://www.dailymail.com/news/article-15946411/winter-blast-australia-cold-tasmania-snow-temperatures-sydney-melbourne.html,https://i.dailymail.com/1s/2026/07/02/02/109736145-0-image-a-13_1782956394054.jpg,http://web.archive.org/web/20260702035241/https://www.dailymail.com/news/article-15946411/winter-blast-australia-cold-tasmania-snow-temperatures-sydney-melbourne.html,"Millions of Aussies are urged to rug up as a chilly winter blast sweeps across the nation this weekend, bringing freezing temperatures and snow.
Australia's south-east will feel the brunt of the con… [+5258 chars]",,"Eine heftige Polarexplosion lässt Millionen von Australiern erfrieren, und auf unseren kargen Skigebieten sind endlich Schneehaufen zu erwarten. Eine starke Kaltfront, die über der Großen Australischen Bucht lauert, drängt auf Tasmanien und das südöstliche Festland zu",Bitter polar blast to freeze millions of Aussies with snow dumps finally expected on our barren ski fields. A strong cold front lurking over the Great Australian Bight is surging towards Tasmania and the south-east mainland,Aussiae decies centena millia nivibus eri ad durandum amarum polarium exspectatur tandem in campis nostris sterilibus ski. Frons frigoris fortis latens in Magno Australiae Bight surgit ad Tasmaniam et continentem meridiem-orientalem.,2026-07-10 23:06:37+00:00
809f53860e37e522a8780c4d2f8b503b,2026-07-05T16:05:34Z,'avalanche search',post.rlsbb.cc,en,0.3,Horn and Ivory 2023 1080p WEB H264-AFO,"Awards 6 wins & 3 nominations total See more awards » Plot: Ambitions, dreams and hope shape one's future in accordance with resources, efforts and perspectives. But when the alignment fails between them, an avalanche of unpredictable and fatal scenarios sets…",https://post.rlsbb.cc/horn-and-ivory-2023-1080p-web-h264-afo/,,,"Awards 6 wins &amp; 3 nominations total See more awards »
Plot: Ambitions, dreams and hope shape one’s future in accordance with resources, efforts and perspectives. But when the alignment fails bet… [+1587 chars]",,"Horn und Elfenbein 2023 1080p WEB H264-AFO. Auszeichnungen Insgesamt 6 Siege und 3 Nominierungen. Weitere Auszeichnungen anzeigen » Handlung: Ambitionen, Träume und Hoffnung prägen die Zukunft eines Menschen im Einklang mit Ressourcen, Bemühungen und Perspektiven. Doch als die Übereinstimmung zwischen ihnen scheitert, bricht eine Lawine unvorhersehbarer und fataler Szenarien los ...","Horn and Ivory 2023 1080p WEB H264-AFO. Awards 6 wins & 3 nominations total See more awards » Plot: Ambitions, dreams and hope shape one's future in accordance with resources, efforts and perspectives. But when the alignment fails between them, an avalanche of unpredictable and fatal scenarios sets…","Horn and Ebur 2023 1080p VUL H264-AFO. Praemia 6 conciliat & 3 nominationes totales Vide plura praemia » Plot: Ambitiones, somnia et spes unum futurum secundum facultates, conatus et prospectus. Sed cum noctis inter eos deficit, NIVIS CASUS in inaestimabile ac funestum missiones ponit….",2026-07-10 23:06:37+00:00
53ceb2b02d27510f5f1c42b03fca0ffd,2026-07-05T16:32:06Z,'avalanche snow',post.rlsbb.to,en,0.3,Horn and Ivory 2023 1080p WEB H264-AFO,"Awards 6 wins & 3 nominations total See more awards »Plot: Ambitions, dreams and hope shape one’s future in accordance with resources, efforts and perspectives. But when the alignment fails between them, an avalanche of unpredictable and fatal scenarios sets …",https://post.rlsbb.to/horn-and-ivory-2023-1080p-web-h264-afo/,,,"Awards 6 wins &amp; 3 nominations total See more awards »
Plot: Ambitions, dreams and hope shape one’s future in accordance with resources, efforts and perspectives. But when the alignment fails bet… [+2033 chars]",,"Horn und Elfenbein 2023 1080p WEB H264-AFO. Auszeichnungen: 6 Siege und 3 Nominierungen insgesamt Weitere Auszeichnungen » Handlung: Ambitionen, Träume und Hoffnung prägen die Zukunft eines Menschen im Einklang mit Ressourcen, Bemühungen und Perspektiven. Doch als die Übereinstimmung zwischen ihnen scheitert, bricht eine Lawine unvorhersehbarer und fataler Szenarien los …","Horn and Ivory 2023 1080p WEB H264-AFO. Awards 6 wins & 3 nominations total See more awards »Plot: Ambitions, dreams and hope shape one’s future in accordance with resources, efforts and perspectives. But when the alignment fails between them, an avalanche of unpredictable and fatal scenarios sets …","Horn and Ebur 2023 1080p VUL H264-AFO. Praemia 6 conciliat & 3 nominationes totales Vide plura praemia » Plot: Ambitiones, somnia et spes unum futurum secundum facultates, conatus et prospectus. Sed cum noctis inter eos deficit, NIVIS CASUS in inaestimabile ac funestum missiones ponit...",2026-07-10 23:06:37+00:00
da73ff7599f16785eca1974dc46d7223,2026-07-06T03:57:37Z,'avalanche snow',www.artsjournal.com,en,0.3,American Classical Music at 250 – Take Two: The BAM Experiment,I am still processing an avalanche of responses to my New York Times piece on the state of American classical music 250 years in. I’m particularly grateful to readers who wrote to remember the Brooklyn Philharmonic festivals during my 1990s tenure as the orch…,https://www.artsjournal.com/uq/2026/07/american-classical-music-at-250-take-two-the-bam-experiment.html,http://img.youtube.com/vi/PocpiBx3hfk/0.jpg,http://web.archive.org/web/20260707141136/https://www.artsjournal.com/uq/2026/07/american-classical-music-at-250-take-two-the-bam-experiment.html,"The “New World” Symphony visual presentation created by Peter Bogdanoff for the Brooklyn Philharmonic’s 1994 Dvorak festival. Building on research by Michael Beckerman, it extrapolates the influence … [+37046 chars]",,"Amerikanische klassische Musik bei 250 – Take Two: Das BAM-Experiment. Ich verarbeite immer noch eine Lawine von Antworten auf meinen Artikel in der New York Times über den Zustand der amerikanischen klassischen Musik nach 250 Jahren. Ich bin besonders dankbar für die Leser, die geschrieben haben, um an die Brooklyn Philharmonic-Festivals während meiner Amtszeit als Orchester in den 1990er-Jahren zu erinnern …",American Classical Music at 250 – Take Two: The BAM Experiment. I am still processing an avalanche of responses to my New York Times piece on the state of American classical music 250 years in. I’m particularly grateful to readers who wrote to remember the Brooklyn Philharmonic festivals during my 1990s tenure as the orch…,"American Classical Music at 250 – Take Two: The BAM Experiment. Adhuc cadentem avalanche responsionum meis Novi Eboraci Times nummum in statu musicorum classicorum Americanorum CCL annorum in. Imprimis gratus sum legentibus, qui meminisse festivitates Philharmonicae Brooklyn in mea 1990 tenure sicut orch…",2026-07-10 23:06:37+00:00
f13a38fcb41ee583502973383bed6744,2026-07-06T16:38:37Z,'avalanche search',biztoc.com,en,0.7,AVAX One launches CEO search after leader of its Avalanche treasury pivot steps down,"AVAX One launches CEO search after leader of its Avalanche treasury pivot steps down
Quick Take
- SkyBridge founder Anthony Scaramucci backed AVAX One’s $550 million Avalanche treasury strategy announced last year.
- Avalanche prices are back to levels seen a…",https://biztoc.com/x/0f635c6e27079085,https://biztoc.com/cdn/0f635c6e27079085_s.webp,,AVAX One launches CEO search after leader of its Avalanche treasury pivot steps downQuick Take- SkyBridge founder Anthony Scaramucci backed AVAX Ones $550 million Avalanche treasury strategy announce… [+142 chars],,"AVAX One startet die Suche nach einem CEO, nachdem der Leiter seines Avalanche-Treasury-Pivots zurückgetreten ist. AVAX One startet die Suche nach einem CEO, nachdem der Leiter seines Avalanche-Treasury-Pivots zurückgetreten ist
Schnelle Aufnahme
- SkyBridge-Gründer Anthony Scaramucci unterstützte die im letzten Jahr angekündigte Avalanche-Treasury-Strategie von AVAX One in Höhe von 550 Millionen US-Dollar.
- Lawinenpreise sind wieder auf dem Niveau, das vor…","AVAX One launches CEO search after leader of its Avalanche treasury pivot steps down. AVAX One launches CEO search after leader of its Avalanche treasury pivot steps down
Quick Take
- SkyBridge founder Anthony Scaramucci backed AVAX One’s $550 million Avalanche treasury strategy announced last year.
- Avalanche prices are back to levels seen a…","AVAX One excussionem movet CEO postquam dux aerarii sui Avalanche gradus descendit. AVAX One launches CEO inquisitionem cum duce aerarii sui Avalanche vestigia descendentium
Velox Take
- SkyBridge conditor Antonius Scaramucci subnixus AVAX One$550 miliones Avalanche aerarium consiliorum proximo anno denuntiavit.
- Avalanche prices sunt retro ad gradus visa a…",2026-07-10 23:06:37+00:00
73f8bfe9bbb9573ee34525aa45714c4f,2026-07-09T10:57:00Z,'avalanche warning system',economictimes.indiatimes.com,en,0.3,"Wayanad Landslides: The hills are alive, but have a warning","Wayanad faces escalating ecological crises and deadly landslides. Recent disasters highlight unscientific development and policy conflicts. Heavy rains saturate porous soil, causing catastrophic hillside liquefaction. Infrastructure projects destabilize the m…",https://economictimes.indiatimes.com/news/india/why-keralas-wayanad-keeps-getting-hit-by-landslides-explained/articleshow/132283868.cms,"https://img.etimg.com/thumb/msid-132284399,width-1200,height-630,imgsize-238202,overlay-economictimes/articleshow.jpg",http://web.archive.org/web/20260710035204/https://economictimes.indiatimes.com/news/india/why-keralas-wayanad-keeps-getting-hit-by-landslides-explained/articleshow/132283868.cms,"Wayanad is a landscape structurally holding its breath. For anyone tracking the changing terrain of the Western Ghats, this picturesque high-range district in Kerala has rapidly transitioned from a m… [+6507 chars]",,"Erdrutsche in Wayanad: Die Hügel leben, aber es gibt eine Warnung. Wayanad ist mit eskalierenden Umweltkrisen und tödlichen Erdrutschen konfrontiert. Die jüngsten Katastrophen machen unwissenschaftliche Entwicklungen und politische Konflikte deutlich. Starke Regenfälle sättigen porösen Boden und führen zu einer katastrophalen Verflüssigung der Hänge. Infrastrukturprojekte destabilisieren die Welt","Wayanad Landslides: The hills are alive, but have a warning. Wayanad faces escalating ecological crises and deadly landslides. Recent disasters highlight unscientific development and policy conflicts. Heavy rains saturate porous soil, causing catastrophic hillside liquefaction. Infrastructure projects destabilize the m…","Wayanad Landslides: Montes vivunt, sed moniti sunt. Facies Wayanad escalating discrimina oecologica et mortifera proruit. Recentes calamitates progressionem et consilium indisciplinatum pugnas urgent. Imbres graves saturate solo raro, collis liquatio calamitosas efficiens. Infrastructuram incepta destabilitare m…",2026-07-11 06:22:43+00:00
c003b74c46f06cd87da2883284ce115b,2026-07-02T07:29:55Z,'avalanche protection',cryptobriefing.com,en,0.2,"Avalanche Treasury’s AVAT crashes 73% since NASDAQ debut, company warns it may not survive","Avalanche Treasury's struggles highlight the risks of crypto-centric business models, potentially impacting investor confidence in similar ventures.
The post Avalanche Treasury’s AVAT crashes 73% since NASDAQ debut, company warns it may not survive appeared f…",https://cryptobriefing.com/avalanche-treasury-avat-crashes-73-percent/,https://static.cryptobriefing.com/wp-content/uploads/2026/07/02032947/avalanche-reveals-a-breakdown-can-avax-800x420.jpeg,,The AVAX-focused treasury firm lost $26.78 million in its first quarter as a public company and now faces going-concern doubts Avalanche Treasury Co. went public on June 11 with a $675 million SPAC v… [+2771 chars],,"AVAT des Avalanche Treasury stürzt seit NASDAQ-Debüt um 73 % ab, das Unternehmen warnt, dass es möglicherweise nicht überleben wird. Die Schwierigkeiten des Avalanche Treasury verdeutlichen die Risiken kryptozentrierter Geschäftsmodelle, die möglicherweise das Vertrauen der Anleger in ähnliche Unternehmungen beeinträchtigen könnten.
Der Beitrag AVAT des Avalanche Treasury stürzte seit dem NASDAQ-Debüt um 73 % ab, das Unternehmen warnt, dass es möglicherweise nicht überleben wird, erschien f…","Avalanche Treasury’s AVAT crashes 73% since NASDAQ debut, company warns it may not survive. Avalanche Treasury's struggles highlight the risks of crypto-centric business models, potentially impacting investor confidence in similar ventures.
The post Avalanche Treasury’s AVAT crashes 73% since NASDAQ debut, company warns it may not survive appeared f…","Avalanche aerarium AVAT 73% cum NASDAQ debut inruerit, societas monet ne superesse possit. Avalanche certamina aerarii urgent pericula crypto-centricae exemplorum negotiorum, potentialiter impacting investor fiduciam in similibus ausis.
Post Avalanche thesaurum 73% cum NASDAQ debut inruerit, societas monet eum ne superstes apparuerit f…",2026-07-12 14:37:02+00:00
d38b3009c75cdf581da63c5eb76f5bf0,2026-07-10T00:26:08Z,'avalanche search',consent.yahoo.com,en,0.2,The Avalanche Made Major Changes This Offseason — But Did They Get Better?,"The Avalanche made difficult decisions this offseason, but whether those moves strengthened their Stanley Cup chances or created new problems remains one of the biggest questions heading into next season.",https://consent.yahoo.com/v2/collectConsent?sessionId=1_cc-session_61b80fe9-61db-4ff6-bf7e-6841e822499f,,,"If you click 'Accept all', we and our partners, including 249 who are part of the IAB Transparency &amp; Consent Framework, will also store and / or access information on a device (in other words, us… [+1046 chars]",,"„The Avalanche“ hat in dieser Nebensaison große Veränderungen vorgenommen – aber sind sie besser geworden? Die Avalanche haben in dieser Nebensaison schwierige Entscheidungen getroffen, aber ob diese Schritte ihre Stanley-Cup-Chancen stärkten oder neue Probleme verursachten, bleibt eine der größten Fragen in der nächsten Saison.","The Avalanche Made Major Changes This Offseason — But Did They Get Better?. The Avalanche made difficult decisions this offseason, but whether those moves strengthened their Stanley Cup chances or created new problems remains one of the biggest questions heading into next season.","NIVIS MAJORES Mutationes haec Offseason - Sed numquid melius?. Avalanche difficile decisiones hanc offseason fecit, sed utrum Stanley Calicem casus suos moveat vel novas difficultates creaverit, una ex maximis quaestionibus in proximum tempus petentis manet.",2026-07-12 22:58:08+00:00
e1566101aac3d1a0aaaa29551ae33471,2026-07-10T21:45:47Z,'avalanche death',www.milehighhockey.com,en,0.2,Avalanche Bests and Blursts: 2010-2015,This is the fourth in an ongoing series covering thirty years of bests (and blursts) of Colorado Avalanche hockey!,https://www.milehighhockey.com/colorado-avalanche-feature-stories/65152/avalanche-bests-and-blursts-2010-2015,https://s.yimg.com/ny/api/res/1.2/QY3IuqP8nUDzQQtiifdXfg--/YXBwaWQ9aGlnaGxhbmRlcjt3PTEyMDA7aD03NzY7Y2Y9d2VicA--/https://media.zenfs.com/en/sb_nation_articles_115/39b22a558c9629a830ced396b3605d45,http://web.archive.org/web/20260711110625/https://www.milehighhockey.com/colorado-avalanche-feature-stories/65152/avalanche-bests-and-blursts-2010-2015,"The past thirty years of Avalanche hockey have featured incredible highs, and some very, very dismal lows.
As an avid fan of The Simpsons, Ive witnessed plenty of best of times moments, but also bee… [+20601 chars]",,Avalanche Bests und Blursts: 2010-2015. Dies ist der vierte Teil einer fortlaufenden Serie über dreißig Jahre voller Bestleistungen (und Höhepunkte) des Colorado Avalanche-Eishockeys!,Avalanche Bests and Blursts: 2010-2015. This is the fourth in an ongoing series covering thirty years of bests (and blursts) of Colorado Avalanche hockey!,Avalanche Raptores et Blursts: 2010-2015. Haec est quarta series continuae operientis triginta annorum optimorum (et blursts) Colorado Avalanche hockey!,2026-07-13 15:46:58+00:00
b7efe0d3f3eee12e428608cd61f94a84,2026-07-02T11:11:14Z,'avalanche mountain',abcnews.com,en,0.3,India seeking to recover the body of an Everest climber known as 'Green Boots',"Indian authorities are seeking to recover the body of a climber known as ""Green Boots"" from Mount Everest",https://abcnews.com/International/wireStory/india-seeking-recover-body-everest-climber-green-boots-134400665,https://i.abcnewsfe.com/a/ceb8b44d-8e98-4e1b-b6a4-44e994b0edf3/wirestory_e64751eb58446d30d2661e518de61935_16x9.jpg?w=1600,http://web.archive.org/web/20260703033915/https://abcnews.com/International/wireStory/india-seeking-recover-body-everest-climber-green-boots-134400665,"NEW DELHI -- Indian authorities are seeking to recover the body of a climber known as Green Boots from the upper slopes of Mount Everest, nearly three decades after the mountaineer died on the worlds… [+2287 chars]",,"Indien versucht, die Leiche eines Everest-Bergsteigers namens „Green Boots“ zu bergen. Indische Behörden versuchen, die Leiche eines Bergsteigers namens „Green Boots“ vom Mount Everest zu bergen","India seeking to recover the body of an Everest climber known as 'Green Boots'. Indian authorities are seeking to recover the body of a climber known as ""Green Boots"" from Mount Everest","India quaerens corpus recuperare exhibuit Everest quae ""Vir Boots"" appellata est. Auctoritates Indianae quaerunt ad corpus exhibuit quod ""Ocres viridis"" de monte Everestico repetendum est",2026-07-13 15:46:58+00:00
c853138fe678d2561002adf4ef368ac3,2026-07-07T20:52:57Z,'avalanche mountain',screenanarchy.com,en,0.3,Fantasia 2026 Highlight: Special Live Events You Will Not Want to Miss,Deep within the bowels of that final wave of titles for this year's 30th Edition of Fantasia there were a number of free-of-charge special live events that are running during the festival.    They were easy to miss under that avalanche of information that cam…,https://screenanarchy.com/2026/07/fantasia-2026-highlight-special-live-events.html,https://screenanarchy.com/assets_c/2026/07/unnamed-thumb-600x600-105414.png,http://web.archive.org/web/20260708012959/https://screenanarchy.com/2026/07/fantasia-2026-highlight-special-live-events.html,"Deep within the bowels of that final wave of titles for this year's 30th Edition of Fantasia there were a number of free-of-charge special live events that are running during the festival. 
They wer… [+17209 chars]",,"Highlight von Fantasia 2026: Besondere Live-Events, die Sie sich nicht entgehen lassen sollten. Tief in den Eingeweiden der letzten Titelwelle für die diesjährige 30. Ausgabe von Fantasia fanden während des Festivals eine Reihe kostenloser spezieller Live-Events statt.    Unter der Informationsflut, die über uns hereinbrach, waren sie leicht zu übersehen …",Fantasia 2026 Highlight: Special Live Events You Will Not Want to Miss. Deep within the bowels of that final wave of titles for this year's 30th Edition of Fantasia there were a number of free-of-charge special live events that are running during the festival.    They were easy to miss under that avalanche of information that cam…,Fantasia 2026 Highlight: Special Live Events You Nolis Miss. Altum in visceribus illius finalis titulorum fluctus huius anni 30th Editionis Fantasiae fuerunt plures casus gratuiti speciales viventes qui in die festo currunt.    Facile erant deesset sub NIVIS notitiarum quae cam…,2026-07-13 15:46:58+00:00
a7e65f410df48b177c312b3400996e1d,2026-07-10T11:00:00Z,'avalanche mountain',longreads.com,en,0.3,No Return,"""Did an experienced alpinist leave his girlfriend to die at the top of a mountain?""",http://longreads.com/2026/07/10/grossglockner-thomasplamberger-kerstin-gurtner-climbing-death/,,http://web.archive.org/web/20260711031016/https://longreads.com/2026/07/10/grossglockner-thomasplamberger-kerstin-gurtner-climbing-death/,"Willian Finnegan folds the story of a fatal mountaineering expedition into a courtroom drama, with each narrative track just as tense as the other. Last year, Kerstin Gurtner froze to death on Grossg… [+2114 chars]",,Keine Rückgabe. „Hat ein erfahrener Alpinist seine Freundin auf dem Gipfel eines Berges sterben lassen?“,"No Return. ""Did an experienced alpinist leave his girlfriend to die at the top of a mountain?""","No Return. ""Numquid peritus alpinista amicam suam in cacumine montis moriendi relinquit?""",2026-07-13 15:46:58+00:00
09edb9bf93a9f51632ec650d96ddb0a5,2026-07-12T10:35:05Z,'avalanche mountain',www.dailymail.com,en,0.8,Tragedy on Murder Wall mountain: How climbers died one-by-one on Eiger North Face including last-man-standing who muttered 'I'm finished' while dangling a yard from safety,"Nicknamed the 'Murder Wall' for its avalanches, rockfalls and ferocious storms, the mountain had claimed the lives of two climbers just a year earlier.",https://www.dailymail.com/news/article-15944659/Tragedy-Murder-Wall-mountain-climbers-died-one-one-Eiger-North-Face-including-man-standing-muttered-Im-finished-dangling-yard-safety.html,https://i.dailymail.com/1s/2026/07/09/11/109721725-0-image-m-9_1783591925421.jpg,http://web.archive.org/web/20260712171331/https://www.dailymail.com/news/article-15944659/Tragedy-Murder-Wall-mountain-climbers-died-one-one-Eiger-North-Face-including-man-standing-muttered-Im-finished-dangling-yard-safety.html,"'I'm finished.' Those were the final words uttered by Toni Kurz as he dangled just metres beyond the reach of those trying to save him and the life drained from his body.
Kurz, 23, and fellow climbe… [+5676 chars]",,"Tragödie am Berg Murder Wall: Wie Kletterer einer nach dem anderen an der Eiger-Nordwand starben, darunter auch der letzte Mann, der „Ich bin fertig“ murmelte, während er einen Meter von der Sicherheit entfernt baumelte. Der Berg, der wegen seiner Lawinen, Steinschläge und heftigen Stürme auch „Mordmauer“ genannt wird, hatte nur ein Jahr zuvor das Leben zweier Kletterer gefordert.","Tragedy on Murder Wall mountain: How climbers died one-by-one on Eiger North Face including last-man-standing who muttered 'I'm finished' while dangling a yard from safety. Nicknamed the 'Murder Wall' for its avalanches, rockfalls and ferocious storms, the mountain had claimed the lives of two climbers just a year earlier.","Tragoedia de Murder Muri monte: Quomodo tellus in Eiger Septentrionalis Facie unus-unus mortuus est inter novissimus homo stans qui mussat 'Me consummavi' cum virga e salute pendentia. Cognomento ""Mus Murder"" propter avalanches, saxa et tempestates ferocissimas, mons vitam duorum tellusrum proximo anno ante vindicaverat.",2026-07-13 15:46:58+00:00
e3e7ac5ca2f2664f17611eca38061dbb,2026-07-09T20:57:49Z,'avalanche rescue',decrypt.co,en,0.2,Avalanche Treasury Firm AVAX One Reclaims Nasdaq Compliance After Reverse Stock Split,"AVAX One, which stockpiles the native token of the Avalanche crypto network, is back in Nasdaq's good graces after a reverse stock split.",https://decrypt.co/373193/avalanche-treasury-firm-avax-one-reclaims-nasdaq-compliance,https://cdn.decrypt.co/resize/1024/height/512/wp-content/uploads/2026/01/decrypt-style-avalanche-coins-gID_7.png,http://web.archive.org/web/20260711122637/https://decrypt.co/373193/avalanche-treasury-firm-avax-one-reclaims-nasdaq-compliance,"In brief
<ul><li>AVAX One regained compliance with Nasdaq's $1.00 minimum bid price rule after 10 straight days above threshold.</li><li>The crypto treasury company rose back above the minimum level… [+3104 chars]",,"Avalanche Treasury-Unternehmen AVAX One erlangt nach umgekehrtem Aktiensplit die Nasdaq-Konformität zurück. AVAX One, das den nativen Token des Avalanche-Kryptonetzwerks lagert, ist nach einem umgekehrten Aktiensplit wieder in den Gunsten der Nasdaq.","Avalanche Treasury Firm AVAX One Reclaims Nasdaq Compliance After Reverse Stock Split. AVAX One, which stockpiles the native token of the Avalanche crypto network, is back in Nasdaq's good graces after a reverse stock split.","NIVIS Treasury fortis AVAX One Reclaims Nasdaq Obsequium Post Reverse Stock Split. AVAX One, qui acervum nativam retis Avalanche cryptae signum, in bonis gratiae Nasdaq post scissuram stirpem reversus est.",2026-07-13 23:03:49+00:00
999521975f4b58d42d759ab8594f00ff,2026-07-07T07:30:00Z,'avalanche warning system',www.archdaily.com,en,0.3,Architecture in the Andes: How Altitude Shapes Design Decisions,"The Andes are often understood as a continuous mountain range, yet they encompass a wide range of climates and ecosystems. In Ecuador, Peru, Bolivia, Colombia, and Chile, páramos, dry highlands, temperate valleys, and snow-covered landscapes can exist within …",https://www.archdaily.com/1042916/architecture-in-the-andes-how-altitude-shapes-design-decisions,https://images.adsttc.com/media/images/6a44/4fe1/8481/2b01/8af5/1a96/large_jpg/architecture-in-the-andes-how-altitude-shapes-design-decisions_2.jpg?1782861803,http://web.archive.org/web/20260708082448/https://www.archdaily.com/1042916/architecture-in-the-andes-how-altitude-shapes-design-decisions,"Rumilahua House / Luis Lopez Lopez y Emilio Lopez Herrera. Image © Sebastian Crespo
The Andes are often understood as a continuous mountain range, yet they encompass a wide range of climates and eco… [+818 chars]",,"Architektur in den Anden: Wie die Höhe Designentscheidungen beeinflusst. Die Anden werden oft als zusammenhängende Gebirgskette verstanden, umfassen jedoch ein breites Spektrum an Klimazonen und Ökosystemen. In Ecuador, Peru, Bolivien, Kolumbien und Chile können Páramos, trockenes Hochland, gemäßigte Täler und schneebedeckte Landschaften innerhalb … existieren.","Architecture in the Andes: How Altitude Shapes Design Decisions. The Andes are often understood as a continuous mountain range, yet they encompass a wide range of climates and ecosystems. In Ecuador, Peru, Bolivia, Colombia, and Chile, páramos, dry highlands, temperate valleys, and snow-covered landscapes can exist within …","Architectura in Andibus: Quomodo Altitude Shapes Design Decisiones. In Andes saepe accipiuntur pro iugis montium, amplis tamen climatibus et oecosystematibus circumcluduntur. In Ecuador, Peruvia, Bolivia, Colombia et Chile, Paramos, montana arida, valles temperatae, et campi nivei obducti intra ... existere possunt.",2026-07-15 14:59:03+00:00
ba828e457cc7b76b4a2c56230707b45e,2026-07-09T08:35:13Z,'avalanche missing',bitcoinfoundation.org,en,0.2,"Hyundai Units Test Stablecoin Transfer With Tether, Avalanche","Hyundai says a stablecoin transfer between its units took seven minutes, compared with hours for a conventional bank transfer. Hyundai Card, the card and payments...
The post Hyundai Units Test Stablecoin Transfer With Tether, Avalanche appeared first on Bitc…",https://bitcoinfoundation.org/news/stablecoin-news/hyundai-test-stablecoin-transfer-tether-avalanche/,https://bitcoinfoundation.org/wp-content/uploads/2026/04/stablecoin-opt.webp,,"Hyundai says a stablecoin transfer between its units took seven minutes, compared with hours for a conventional bank transfer.
Hyundai Card, the card and payments unit of Hyundai, completed a proof-… [+1936 chars]",,"Hyundai-Einheiten testen Stablecoin-Transfer mit Tether, Avalanche. Laut Hyundai dauerte eine Stablecoin-Überweisung zwischen seinen Einheiten sieben Minuten, verglichen mit Stunden bei einer herkömmlichen Banküberweisung. Hyundai Card, die Karte und Zahlungen...
Der Beitrag Hyundai Units testet Stablecoin-Transfer mit Tether, Avalanche erschien zuerst auf Bitc…","Hyundai Units Test Stablecoin Transfer With Tether, Avalanche. Hyundai says a stablecoin transfer between its units took seven minutes, compared with hours for a conventional bank transfer. Hyundai Card, the card and payments...
The post Hyundai Units Test Stablecoin Transfer With Tether, Avalanche appeared first on Bitc…","Hyundai Unitates Test Stablecoin Transfer Cum Tether, Avalanche. Hyundai dicit translatio stabulum inter unitates suas septem minutas sumpsisse, comparatum cum horis ad translationem ripam conventionalem. Hyundai Card, card ac praestationes...
Post Hyundai Unitates Test Stablecoin Transfer Cum Tether, Avalanche primum apparuit in Bitc…",2026-07-15 23:05:06+00:00
88d413f00e8157d5c480f6a73bac55ee,2026-07-13T14:21:05Z,'avalanche death',www.foxnews.com,en,0.8,Charlie Kirk's close friend calls for death penalty for convicted assassins,Jack Posobiec calls for the death penalty for assassins after watching what he calls an 'avalanche of evidence' against Tyler Robinson in a Utah courtroom.,https://www.foxnews.com/us/charlie-kirks-close-friend-calls-death-penalty-convicted-assassins,https://static.foxnews.com/foxnews.com/content/uploads/2026/07/mangione-posobiec-robinson-001.jpg,,"PROVO, Utah Charlie Kirk's close friend Jack Posobiec called Friday for convicted assassins to face the death penalty after spending five days in a Utah courtroom watching prosecutors present what he… [+4776 chars]",,"Charlie Kirks enger Freund fordert die Todesstrafe für verurteilte Attentäter. Jack Posobiec fordert die Todesstrafe für Attentäter, nachdem er in einem Gerichtssaal in Utah eine „Beweislawine“ gegen Tyler Robinson gesehen hat.",Charlie Kirk's close friend calls for death penalty for convicted assassins. Jack Posobiec calls for the death penalty for assassins after watching what he calls an 'avalanche of evidence' against Tyler Robinson in a Utah courtroom.,"Charlie Kirk familiaris suus damnatos sicarios poenam mortis vocat. Jack Posobiec poenam sicariorum ad mortem vocat post spectans quod ""avalanche testimonii"" contra Tyler Robinson in iudicio Utah vocat.",2026-07-16 15:09:23+00:00
cdc5540eee1d481d5da1f4509695babf,2026-07-13T14:07:15Z,'avalanche climate change',consent.yahoo.com,en,0.2,BlackRock's BUIDL Nears $1 Billion Milestone on Avalanche as Real-World Asset Boom Accelerates,,https://consent.yahoo.com/v2/collectConsent?sessionId=1_cc-session_2b31ea62-723f-4c92-9044-d62ab6c46f02,,,"If you click 'Accept all', we and our partners, including 250 who are part of the IAB Transparency &amp; Consent Framework, will also store and / or access information on a device (in other words, us… [+1046 chars]",,"BUIDL von BlackRock nähert sich dem Avalanche-Meilenstein von 1 Milliarde US-Dollar, da sich der reale Vermögensboom beschleunigt. Keiner",BlackRock's BUIDL Nears $1 Billion Milestone on Avalanche as Real-World Asset Boom Accelerates. None,BlackRock est BUIDL Nears $ I billion Fabella in NIVIS ut Verus Mundus Asset BUTIO accelerat. Nullus,2026-07-18 14:23:31+00:00
7dd173b74e84292960544fd6f11f457c,2026-07-14T13:00:00Z,'avalanche climate change',consent.yahoo.com,en,0.2,Deen’s Daily: Lysell Signed; Schneider Settles; Will Patrick Kane Return to Chicago?,The Avalanche signed another forward contract on Monday. The Chicago Blackhawks are exploring a Patrick Kane reunion. Does it make […] The post Deen’s Daily: Lysell Signed; Schneider Settles; Will Patrick Kane Return to Chicago? appeared first on Colorado Hoc…,https://consent.yahoo.com/v2/collectConsent?sessionId=1_cc-session_1e6b7a37-5aaa-43f9-873f-75c7eb3209b0,,,"If you click 'Accept all', we and our partners, including 250 who are part of the IAB Transparency &amp; Consent Framework, will also store and / or access information on a device (in other words, us… [+1046 chars]",,Deen’s Daily: Lysell signiert; Schneider lässt sich nieder; Wird Patrick Kane nach Chicago zurückkehren? Die Avalanche haben am Montag einen weiteren Stürmervertrag unterzeichnet. Die Chicago Blackhawks prüfen ein Wiedersehen mit Patrick Kane. Macht es […] Der Beitrag Deen’s Daily: Lysell Signed; Schneider lässt sich nieder; Wird Patrick Kane nach Chicago zurückkehren? erschien zuerst auf Colorado Hoc…,Deen’s Daily: Lysell Signed; Schneider Settles; Will Patrick Kane Return to Chicago?. The Avalanche signed another forward contract on Monday. The Chicago Blackhawks are exploring a Patrick Kane reunion. Does it make […] The post Deen’s Daily: Lysell Signed; Schneider Settles; Will Patrick Kane Return to Chicago? appeared first on Colorado Hoc…,Cotidie Deen: Lysell Signatus; Schneider Sottint; Will Patrick Kane Return to Chicago? Avalanche aliud medium contractum die Lunae signatum est. Chicago Blackhawks per Patricium Kane reunionem explorant. Facit […] Colloquium Deen cotidianum: Lysell Signed; Schneider Sottint; Patricius Kane reddet voluntatem Chicago? Apparuit primum in Colorado Hoc…,2026-07-18 14:23:31+00:00
34a19f7b706d140286babb6be83e15c3,2026-07-16T19:50:09Z,'avalanche search',consent.yahoo.com,en,0.2,A Former Avalanche Goaltender Is Leaving North America Again,"Former Colorado Avalanche goaltender Ivan Prosvetov is leaving North America once again, returning to Russia after a winding career path that included a brief NHL stint with Colorado and a memorable run with the Colorado Eagles.",https://consent.yahoo.com/v2/collectConsent?sessionId=1_cc-session_88ca2617-90e2-47df-a027-a9a562b8e83c,,,"If you click 'Accept all', we and our partners, including 250 who are part of the IAB Transparency &amp; Consent Framework, will also store and / or access information on a device (in other words, us… [+1046 chars]",,"Ein ehemaliger Avalanche-Torwart verlässt Nordamerika erneut. Der frühere Torwart der Colorado Avalanche, Ivan Prosvetov, verlässt Nordamerika erneut und kehrt nach einer kurvenreichen Karriere, zu der ein kurzer NHL-Aufenthalt bei Colorado und ein denkwürdiger Lauf bei den Colorado Eagles gehörten, nach Russland zurück.","A Former Avalanche Goaltender Is Leaving North America Again. Former Colorado Avalanche goaltender Ivan Prosvetov is leaving North America once again, returning to Russia after a winding career path that included a brief NHL stint with Colorado and a memorable run with the Colorado Eagles.","Avalanche pristinus Goaltender discedit Americae Septentrionalis Iterum. Ivan Prosvetov pristinus Colorado Avalanche goaltender Ivan Prosvetov semel iterumque discedit, in Russiam reversus post cursum curriculi flexuosum, quod brevem NHL mora cum Colorado inclusit et memorabile currendum cum Aquilae Colorado.",2026-07-18 14:23:31+00:00
5f36b8ef5523569202738e761207ee3b,2026-07-05T07:31:41Z,'avalanche climate change',bitcoinfoundation.org,en,0.3,The Next Hyperliquid? Top 5 Perp DEX Tokens with Explosive Upside Potential,"The search for the next Hyperliquid has turned perp DEX tokens into one of the hottest narratives in DeFi. After HYPE proved that a decentralized...
The post The Next Hyperliquid? Top 5 Perp DEX Tokens with Explosive Upside Potential appeared first on Bitcoin…",https://bitcoinfoundation.org/news/altcoins/the-next-hyperliquid-top-5-perp-dex-tokens-with-explosive-upside-potential/,https://bitcoinfoundation.org/wp-content/uploads/2026/07/5-perp-1.webp,,The search for the next Hyperliquid has turned perp DEX tokens into one of the hottest narratives in DeFi. After HYPE$70.78 proved that a decentralized derivatives exchange can build real trading vol… [+15985 chars],,"Das nächste Hyperliquid? Top 5 Perp DEX-Token mit explosivem Aufwärtspotenzial. Die Suche nach dem nächsten Hyperliquid hat kriminelle DEX-Token zu einem der heißesten Narrative im DeFi-Bereich gemacht. Nachdem HYPE bewiesen hatte, dass eine dezentrale...
Der Beitrag Das nächste Hyperliquid? Die Top 5 Perp DEX-Token mit explosivem Aufwärtspotenzial erschienen zuerst auf Bitcoin…","The Next Hyperliquid? Top 5 Perp DEX Tokens with Explosive Upside Potential. The search for the next Hyperliquid has turned perp DEX tokens into one of the hottest narratives in DeFi. After HYPE proved that a decentralized...
The post The Next Hyperliquid? Top 5 Perp DEX Tokens with Explosive Upside Potential appeared first on Bitcoin…","Proximum Hyperliquid? Top V Perp DEX signa explosivae concitant Potentia. Investigatio proximae Hyperliquid perp DEX in signis in unam narrationem calidissimam vertit in DeFi. Post HYPE probavit decentralized...
Post The Next Hyperliquid? Top V Perp DEX signa cum explosivae concitaverunt Potentia apparuit primum in BitCoin ...",2026-07-18 14:23:31+00:00
516a3feff30762cf0d602fa3825cf84c,2026-07-14T14:05:54Z,'avalanche climate change',www.skeptic.com,en,0.3,The Search for Consciousness,"Your thoughts leave footprints in your brain, and now we can read them. This essay traces the science of consciousness from fMRI to mind-decoding AI, asking what we truly learn when we map the mind, and whether experience can ever be fully captured from the o…",https://www.skeptic.com/article/search-for-consciousness/,https://storage.ghost.io/c/36/db/36db2d53-b96a-4b7f-9ea6-1e48a1d7715e/content/images/size/w1200/2026/07/3D-reconstruction-human-cortex-H01-dataset-visualized-by-Neuroglancer.webp,http://web.archive.org/web/20260714200709/https://www.skeptic.com/article/search-for-consciousness/,"In the early 1990s, the human brain began to glow. Not literally, of course. But for the first time, scientists could watch living brains change while a person was still alive, still thinking, still … [+27203 chars]",,"Die Suche nach Bewusstsein. Ihre Gedanken hinterlassen Spuren in Ihrem Gehirn, und jetzt können wir sie lesen. Dieser Aufsatz zeichnet die Wissenschaft des Bewusstseins von der fMRT bis zur geistesentschlüsselnden KI nach und fragt, was wir wirklich lernen, wenn wir den Geist kartieren, und ob Erfahrungen jemals vollständig aus dem O… erfasst werden können.","The Search for Consciousness. Your thoughts leave footprints in your brain, and now we can read them. This essay traces the science of consciousness from fMRI to mind-decoding AI, asking what we truly learn when we map the mind, and whether experience can ever be fully captured from the o…","Inquisitio de conscientia. Cogitationes tuae vestigia relinquunt in cerebro tuo, et nunc ea legere possumus. Haec temptatio scientiam conscientiae ab fMRI ad mentem decoding AI perducit, quaerens quid vere discamus cum mentem describimus, et an experientia unquam plene capi possit ab o…",2026-07-18 14:23:31+00:00
0a8eff4c5af969300884194d2868df15,2026-07-18T17:42:50Z,'avalanche rescue',consent.yahoo.com,en,0.2,Former Avalanche Forward Joins Chris MacFarland in Nashville,Chris MacFarland has been busy since claiming control of the Nashville Predators’ hockey operations in early June. Among the hires […] The post Former Avalanche Forward Joins Chris MacFarland in Nashville appeared first on Colorado Hockey Now.,https://consent.yahoo.com/v2/collectConsent?sessionId=1_cc-session_5edfc404-29c3-4d90-b935-a04c6db666d9,,,"If you click 'Accept all', we and our partners, including 250 who are part of the IAB Transparency &amp; Consent Framework, will also store and / or access information on a device (in other words, us… [+1046 chars]",,"Ehemaliger Avalanche-Stürmer schließt sich Chris MacFarland in Nashville an. Chris MacFarland ist beschäftigt, seit er Anfang Juni die Kontrolle über den Eishockeybetrieb der Nashville Predators übernommen hat. Unter den Neuzugängen […] Der Beitrag „Ehemaliger Avalanche-Stürmer wechselt zu Chris MacFarland nach Nashville“ erschien zuerst auf Colorado Hockey Now.",Former Avalanche Forward Joins Chris MacFarland in Nashville. Chris MacFarland has been busy since claiming control of the Nashville Predators’ hockey operations in early June. Among the hires […] The post Former Avalanche Forward Joins Chris MacFarland in Nashville appeared first on Colorado Hockey Now.,Prior Avalanche Forward Joins Chris MacFarland in Nashville. Chris MacFarland occupatus est cum de Nashville Predatores hockey in primo Iunio operationes vindicantes imperium fuit. Inter mercedes […] Post Prior Avalanche Forward Joins Chris MacFarland in Nashville apparuit primus in Colorado Hockey Now.,2026-07-20 06:56:32+00:00
5a06c3c31d676fe9803350ef5549b11b,2026-07-20T23:36:08Z,'avalanche mountain',www.cbc.ca,en,0.8,Inquiry hears avalanche danger moderate on day of fatal Alberta snow slide,A Parks Canada official in charge of visitor safety said the avalanche danger was rated moderate and didn't need updating on the day of a fatal snow slide in Banff National Park.,https://www.cbc.ca/news/canada/calgary/alberta-avalanche-haddo-peak-9.7277392,"https://i.cbc.ca/ais/97f44dd4-a25e-4eb5-9d97-13dca5a4c06a,1784588563360/full/max/0/default.jpg?im=Crop%2Crect%3D%280%2C389%2C5640%2C3172%29%3BResize%3D620",,"A Parks Canada official in charge of visitor safety said the avalanche danger was rated moderate and didn't need updating on the day of a fatal snow slide.
""I reviewed the reports from the previous … [+3207 chars]",,"Ermittlungen gehen davon aus, dass die Lawinengefahr am Tag der tödlichen Schneerutsche in Alberta mäßig ist. Ein für die Besuchersicherheit zuständiger Beamter von Parks Canada sagte, die Lawinengefahr sei am Tag einer tödlichen Schneerutsche im Banff-Nationalpark als mäßig eingestuft worden und müsse nicht aktualisiert werden.",Inquiry hears avalanche danger moderate on day of fatal Alberta snow slide. A Parks Canada official in charge of visitor safety said the avalanche danger was rated moderate and didn't need updating on the day of a fatal snow slide in Banff National Park.,Inquisitionis audit NIVIS periculum moderatum in die fatali Alberta nivis labi. A Parks Canada officialis salutem visitatoris praefectum dixit NIVIS periculum moderatum aestimatum esse et adaequationem non egere die nivis fatalis lapsus in Banff National Park.,2026-07-22 15:10:01+00:00
8579f6708b8db52ab0b10a8f1f84dc20,2026-07-20T12:00:00Z,'avalanche death',www.milehighhockey.com,en,0.7,Weekly Cupcakes: Heartbreaking details about Claude Lemieux’s death have been revealed,Colorado Avalanche News News Around the League,https://www.milehighhockey.com/daily-cupcakes-sandie/65396/weekly-cupcakes-heartbreaking-details-about-claude-lemieuxs-death-have-been-revealed,https://s.yimg.com/ny/api/res/1.2/M0p1wPewctSjOZvwzvuY8Q--/YXBwaWQ9aGlnaGxhbmRlcjt3PTEyMDA7aD03OTc7Y2Y9d2VicA--/https://media.zenfs.com/en/sb_nation_articles_115/bcafc8b08726b2e70530186223b2c207,http://web.archive.org/web/20260721134801/https://www.milehighhockey.com/daily-cupcakes-sandie/65396/weekly-cupcakes-heartbreaking-details-about-claude-lemieuxs-death-have-been-revealed,"After acquiring the pick in the Valeri Nichushkin trade, the Avalanche selected Egor Shilov at No. 43 overall a dynamic offensive talent with all the skill in the world. [The Hockey News]",,Wöchentliche Cupcakes: Herzzerreißende Details über den Tod von Claude Lemieux wurden enthüllt. Colorado Avalanche News Nachrichten rund um die Liga,Weekly Cupcakes: Heartbreaking details about Claude Lemieux’s death have been revealed. Colorado Avalanche News News Around the League,Weekly Cupcakes: singula de Claude Lemieux obitus Cordis praevaricationis revelata sunt. Colorado Avalanche News News circum League,2026-07-24 23:10:17+00:00
ea9c1fd244676546fe4e76c73678b021,2026-07-15T13:17:00Z,'avalanche warning system',thediplomat.com,en,0.3,South Korea’s Biggest Criminal Justice Reform,Controversy is raging over how – and how much – to shave the prosecutors’ inordinate powers.,https://thediplomat.com/2026/07/south-koreas-biggest-criminal-justice-reform/,https://thediplomat.com/wp-content/uploads/2025/01/sizes/td-story-s-2/thediplomat_2025-01-20-131605.jpg,http://web.archive.org/web/20260715204313/https://thediplomat.com/2026/07/south-koreas-biggest-criminal-justice-reform/,"Frances legal reform in 1808 laid down the cornerstone of modern prosecution. It effected separation of powers for its criminal justice system, compartmentalizing investigation, prosecution, and tria… [+27487 chars]",,"Südkoreas größte Reform der Strafjustiz. Es tobt eine Kontroverse darüber, wie und in welchem ​​Umfang die übermäßigen Befugnisse der Staatsanwälte beschnitten werden sollen.",South Korea’s Biggest Criminal Justice Reform. Controversy is raging over how – and how much – to shave the prosecutors’ inordinate powers.,Maximus Coreae Meridianae Reformationis Iustitiae Criminalis. Furit controversia quomodo - et quantum - radat inordinatas accusatores potestates.,2026-07-26 14:43:05+00:00
d17cd1b50c30ba0ec78574392f5c8bff,2026-07-20T00:36:00Z,'avalanche missing',consent.yahoo.com,en,0.2,"Cardinals Blow Seven-Run Lead, Collapse Under Avalanche of Errors in Loss","The Cardinals saw a seven-run lead disappear after two bases-loaded walks, a misplay in the outfield and a clutch, two-run homer by Arizona third baseman Nolan Arenado, 13 stranded runners and an error on the basepaths in an 8-7 loss to the Dbacks.",https://consent.yahoo.com/v2/collectConsent?sessionId=1_cc-session_89b9b049-e180-4002-a831-1c46672b647f,,,"If you click 'Accept all', we and our partners, including 250 who are part of the IAB Transparency &amp; Consent Framework, will also store and / or access information on a device (in other words, us… [+1046 chars]",,"Die Cardinals verspielen die Führung in sieben Läufen und brechen unter einer Fehlerlawine bei der Niederlage zusammen. Die Cardinals erlebten, wie ein Sieben-Run-Vorsprung nach zwei Bases-loaded Walks, einem Fehlspiel im Outfield und einem Clutch, einem Homerun mit zwei Runs durch Arizonas Third Baseman Nolan Arenado, 13 gestrandeten Runnern und einem Fehler auf den Basepaths in einer 8:7-Niederlage gegen die Dbacks verschwand.","Cardinals Blow Seven-Run Lead, Collapse Under Avalanche of Errors in Loss. The Cardinals saw a seven-run lead disappear after two bases-loaded walks, a misplay in the outfield and a clutch, two-run homer by Arizona third baseman Nolan Arenado, 13 stranded runners and an error on the basepaths in an 8-7 loss to the Dbacks.","Cardinales Plauste Septem-Run plumbo, Collapse Errorum in Avalanche in Loss. Patres Cardinales viderunt plumbum septem currere post duas ambulationes bases onustas, mistionem in outfeild et defessa, duos cursus corum per Arizona tertium Nolanum Bastem Nolanum Arenado, 13 cursores destitutos et errorem in bases per 8-7 damnum ad Dbacks.",2026-07-27 15:49:25+00:00
0de77a8bab9057c374d1b82059c4e8da,2026-07-28T08:00:00Z,'avalanche protection',www.techtarget.com,en,0.3,Data management vendors race to connect AI with context,"With agents requiring situational awareness to be accurate, connecting AI with relevant data and business logic has been an almost singular focus throughout 2026.",https://www.techtarget.com/searchdatamanagement/news/366646161/Data-management-vendors-race-to-connect-AI-with-context,https://www.techtarget.com/rms/onlineimages/machine_learning_g1205538888.jpg,http://web.archive.org/web/20260729012208/https://www.techtarget.com/searchdatamanagement/news/366646161/Data-management-vendors-race-to-connect-AI-with-context,"The announcements have cascaded like an avalanche.
One after another throughout the first six months of 2026, data management vendors unveiled and launched new capabilities designed to connect AI ag… [+9837 chars]",,"Anbieter von Datenmanagement versuchen, KI mit Kontext zu verbinden. Da Agenten ein genaues Situationsbewusstsein benötigen, war die Verknüpfung von KI mit relevanten Daten und Geschäftslogik im Jahr 2026 ein fast ausschließlicher Schwerpunkt.","Data management vendors race to connect AI with context. With agents requiring situational awareness to be accurate, connecting AI with relevant data and business logic has been an almost singular focus throughout 2026.","Venditori data procuratio genus est connectendi AI cum contextu. Cum agentium conscientiae situalis accuratam esse requirentibus, AI connectens cum notitia et negotiatione logica, per MMXXVI focus paene singularis fuit.",2026-07-30 15:18:30+00:00
5a429aac5696170351d6e1db989095a8,2026-07-14T12:58:58Z,'avalanche rescue',cryptobriefing.com,en,0.2,FIFA’s World Cup26 anti-discrimination push runs headlong into its blockchain ambitions,"FIFA's dual focus on social justice and blockchain highlights the complex interplay between ethical initiatives and technological ambitions.
The post FIFA’s World Cup26 anti-discrimination push runs headlong into its blockchain ambitions appeared first on Cry…",https://cryptobriefing.com/fifa-world-cup26-blockchain-anti-discrimination/,https://static.cryptobriefing.com/wp-content/uploads/2026/07/14085855/fifa-dropping-anti-racism-messages-a-human-rights-risk-for-2-800x420.jpeg,,"While FIFA promotes anti-homophobia campaigns and battles online abuse, its quiet pivot to Avalanche-based ticketing tokens tells a bigger story about where the organization is actually placing its b… [+3310 chars]",,"Die Antidiskriminierungsoffensive der FIFA für die Weltmeisterschaft26 steht im Widerspruch zu ihren Blockchain-Ambitionen. Der doppelte Fokus der FIFA auf soziale Gerechtigkeit und Blockchain unterstreicht das komplexe Zusammenspiel zwischen ethischen Initiativen und technologischen Ambitionen.
Der Beitrag Der Antidiskriminierungsvorstoß der FIFA zur Weltmeisterschaft 26 stößt direkt auf ihre Blockchain-Ambitionen und erschien zuerst auf Cry…","FIFA’s World Cup26 anti-discrimination push runs headlong into its blockchain ambitions. FIFA's dual focus on social justice and blockchain highlights the complex interplay between ethical initiatives and technological ambitions.
The post FIFA’s World Cup26 anti-discrimination push runs headlong into its blockchain ambitions appeared first on Cry…","FIFA World Cup26 anti-discrimen impulsus in impedimento suo ambitiones praeceps currit. FIFA duplex focus in iustitia sociali et impedimentum effert implicationem implicationem inter incepta ethica et technicae artis.
Post FIFA scriptor Mundi Cup26 anti-discrimen dis praeceps in eius impedimentum cupiditatum praeceps apparuit primum in Clama…",2026-07-31 06:52:19+00:00
c91ce6e3858e9b8fa0743296b612f352,2026-07-15T16:35:52Z,'avalanche rescue',cryptobriefing.com,en,0.2,"FIFA hit with injunction in Germany over World Cup ticket sales, raising questions about blockchain ticketing","The injunction challenges FIFA's transparency, potentially undermining trust in its blockchain ticketing and prompting regulatory scrutiny.
The post FIFA hit with injunction in Germany over World Cup ticket sales, raising questions about blockchain ticketing …",https://cryptobriefing.com/fifa-injunction-germany-blockchain-ticketing/,https://static.cryptobriefing.com/wp-content/uploads/2026/07/15123549/building-exterior-6-800x420.jpeg,,A Frankfurt court ruling against FIFA's secondary ticket market practices puts a spotlight on the governing body's Avalanche-based digital collectibles program for the 2026 World Cup. FIFA just got s… [+3526 chars],,"Die FIFA hat in Deutschland eine einstweilige Verfügung wegen des Ticketverkaufs für die Weltmeisterschaft erwirkt, was Fragen zum Blockchain-Ticketing aufwirft. Die einstweilige Verfügung stellt die Transparenz der FIFA in Frage, was möglicherweise das Vertrauen in ihr Blockchain-Ticketing untergräbt und eine behördliche Kontrolle nach sich zieht.
Der Beitrag Die FIFA hat in Deutschland eine einstweilige Verfügung wegen des Ticketverkaufs für die Weltmeisterschaft erlassen, was Fragen zum Blockchain-Ticketing aufwirft …","FIFA hit with injunction in Germany over World Cup ticket sales, raising questions about blockchain ticketing. The injunction challenges FIFA's transparency, potentially undermining trust in its blockchain ticketing and prompting regulatory scrutiny.
The post FIFA hit with injunction in Germany over World Cup ticket sales, raising questions about blockchain ticketing …","FIFA percussum est cum interdicto in Germania super tesseras mundi super Trophaeum venditio, interrogationes de tesseraing clausurae tollendo. Praeceptio FiFA perspicuitatem provocat, potentia fidem labefacit in eius impedimento tesseram ac impulsum regulatory scrutinium.
Post FIFA percussus est cum interdicto in Germania super Trophaeum Mundi tesseram venditionum, interrogationes de impedimento tesseraing ...",2026-07-31 06:52:19+00:00
176563a4adc3a5dd15ea9b6c71a3c692,2026-07-20T13:09:15Z,'avalanche protection',cryptobriefing.com,en,0.2,2026 World Cup faces criticism over pricing and travel bans as crypto fills the gaps,"The 2026 FIFA World Cup draws backlash over $11,000 dynamic ticket prices and travel bans while Kraken, Avalanche, and prediction markets embed crypto into
The post 2026 World Cup faces criticism over pricing and travel bans as crypto fills the gaps appeared …",https://cryptobriefing.com/2026-world-cup-pricing-travel-bans-crypto/,https://static.cryptobriefing.com/wp-content/uploads/2026/07/20090910/the-best-photos-of-the-2022-world-cup-cnn-66-800x420.jpeg,,"FIFA's expanded 48-team tournament is drawing fire for $11,000 tickets and visa restrictions, while crypto firms quietly embed themselves into the event's infrastructure The biggest World Cup in hist… [+2867 chars]",,"Die Weltmeisterschaft 2026 wird wegen Preisgestaltung und Reiseverboten kritisiert, da Krypto die Lücken füllt. Die FIFA Fußball-Weltmeisterschaft 2026 sorgt für Gegenreaktionen wegen der dynamischen Ticketpreise und Reiseverbote in Höhe von 11.000 US-Dollar, während Kraken-, Avalanche- und Prognosemärkte Kryptowährungen integrieren
Die Weltmeisterschaft nach 2026 wird wegen Preisgestaltung und Reiseverboten kritisiert, da Krypto die entstandenen Lücken füllt …","2026 World Cup faces criticism over pricing and travel bans as crypto fills the gaps. The 2026 FIFA World Cup draws backlash over $11,000 dynamic ticket prices and travel bans while Kraken, Avalanche, and prediction markets embed crypto into
The post 2026 World Cup faces criticism over pricing and travel bans as crypto fills the gaps appeared …","2026 Mundus Trophaeum criticam in pretium et banna itinerariorum sicut crypto- larum hiatus implet. 2026 FIFA World Cup trahit backlash over $11,000 tesseram dynamicam pretia ac banna peregrinationis dum Kraken, Avalanche, et praedictio mercatus crypto infixus.
Post 2026 Mundus Trophaeum criticam in pretium ac banna itinerariorum sicut crypto implet hiatus apparuit...",2026-07-31 06:52:19+00:00
20432ee36e0d1a749754558d151d8f03,2026-07-14T18:01:39Z,'avalanche rescue',www.advocate.com,en,0.3,Trump administration caves after avalanche of opposition to anti-trans hospital rule,"A flood of public opposition helped stop one of the Trump
 administration’s most extreme attempts to force hospitals nationwide to abandon gender-affirming care for transgender
 young people, offering a rare and instructive victory against a federal governm…",https://www.advocate.com/politics/national/trump-abandons-trans-hospital-rule,https://www.advocate.com/media-library/robert-f-kennedy-jr-testiying.jpg?id=67155098&width=1200&height=600&coordinates=0%2C39%2C0%2C39,,"A flood of public opposition helped stop one of the Trump
 administrations most extreme attempts to force hospitals nationwide to abandon gender-affirming care for transgender
 young people, offeri… [+12418 chars]",,"Die Trump-Regierung gibt nach einer Lawine des Widerstands gegen die Anti-Trans-Krankenhausregelung nach. Eine Flut öffentlicher Opposition trug dazu bei, einen der Trump-Angriffe zu stoppen
 Die extremsten Versuche der Regierung, Krankenhäuser im ganzen Land dazu zu zwingen, die geschlechtsbejahende Versorgung von Transgender-Personen aufzugeben
 junge Leute, die einen seltenen und lehrreichen Sieg gegen eine Bundesregierung erringen …","Trump administration caves after avalanche of opposition to anti-trans hospital rule. A flood of public opposition helped stop one of the Trump
 administration’s most extreme attempts to force hospitals nationwide to abandon gender-affirming care for transgender
 young people, offering a rare and instructive victory against a federal governm…","Trump administratio specus post NIVIS oppositionis contra regulam hospitalis anti-trans. Diluvium publicae oppositionis adiuvisti subsisto unum BUCINUM
 administrationis extrema conamina cogere valetudinaria nationum ad deserendum genus-affirmando curam transgender
 iuvenes, victoriam raram et instructivam contra foederatum imperium.",2026-07-31 06:52:19+00:00
397aa3ecc0f6ec9b99fde408936f1b94,2026-07-24T14:00:00Z,'avalanche rescue',journals.plos.org,en,0.3,Whisker stimulation reinforces a resting-state network in the barrel cortex: Nested oscillations and avalanches,"Author summary The brain is active even in the absence of external stimuli, generating complex patterns of activity that are thought to prepare it for processing incoming information. Two prominent features of this spontaneous activity are rhythmic oscillatio…",https://journals.plos.org/ploscompbiol/article?id=10.1371/journal.pcbi.1014521,https://journals.plos.org/ploscompbiol/article/figure/image?id=10.1371/journal.pcbi.1014521.g006&size=inline,http://web.archive.org/web/20260725111545/https://journals.plos.org/ploscompbiol/article?id=10.1371%2Fjournal.pcbi.1014521,"Citation: Mariani B, Guevara R, Tambaro M, Maschietto M, Leparulo A, Vassanelli S, et al. (2026) Whisker stimulation reinforces a resting-state network in the barrel cortex: Nested oscillations and a… [+52957 chars]",,"Whisker-Stimulation verstärkt ein Ruhezustandsnetzwerk im Barrel-Cortex: verschachtelte Oszillationen und Lawinen. Zusammenfassung des Autors Das Gehirn ist auch ohne äußere Reize aktiv und erzeugt komplexe Aktivitätsmuster, die es vermutlich auf die Verarbeitung eingehender Informationen vorbereiten. Zwei herausragende Merkmale dieser spontanen Aktivität sind rhythmische Oszillationen …","Whisker stimulation reinforces a resting-state network in the barrel cortex: Nested oscillations and avalanches. Author summary The brain is active even in the absence of external stimuli, generating complex patterns of activity that are thought to prepare it for processing incoming information. Two prominent features of this spontaneous activity are rhythmic oscillatio…","Whisker excitatio retis in dolio cortex quietum confirmat: oscillationes et avalanches nested. Auctor summatim Cerebrum activum est etiam in absentia stimulorum externorum, generans exempla multiplicia activitatis quae putantur praeparare illud ad informationes venientium processus. Duae lineamenta eminentia huius actionis spontaneae sunt rhythmica oscillatio…",2026-07-31 06:52:19+00:00
2b9581e6efdc4770cefaccae86098df3,2026-07-29T14:38:35Z,'avalanche warning system',aistack.imec-int.com,en,0.3,"Self-hosting Kimi K3: 20% more hardware cost, 20% better task resolution","aistack is an open benchmarking initiative by imec, generating solid datapoints where real AI workloads meet real systems and silicon.",https://aistack.imec-int.com/blog/gpu-self-hosting,https://aistack.imec-int.com/assets/img/gpu.jpg,http://web.archive.org/web/20260729161014/https://aistack.imec-int.com/blog/gpu-self-hosting,"The warning signs were everywhere the first half of this year: GitHub Copilot switched to token-based billing [1], Uber burned through its annual AI tools budget in just four months [2][3], and devel… [+30073 chars]",,"Selbsthostendes Kimi K3: 20 % höhere Hardwarekosten, 20 % bessere Aufgabenlösung. aistack ist eine offene Benchmarking-Initiative von imec, die solide Datenpunkte generiert, an denen echte KI-Workloads auf echte Systeme und Silizium treffen.","Self-hosting Kimi K3: 20% more hardware cost, 20% better task resolution. aistack is an open benchmarking initiative by imec, generating solid datapoints where real AI workloads meet real systems and silicon.","Sui obnoxius Kimi K3: 20% plus hardware sumptus, 20% melioris negotii resolutio. aistack aperta est inceptum per imec benchmark, generans puncta solida ubi reales AI labores reales systemata et pii concurrunt.",2026-08-01 06:37:53+00:00
5b702ef47691d6d21cb6e08529a93420,2026-07-15T14:12:00Z,'avalanche missing',www.milehighhockey.com,en,0.2,Are the Avalanche serious about a Youth Movement?,Breaking down Colorado’s latest development strategy.,https://www.milehighhockey.com/avalanche-analysis/65154/are-the-avalanche-serious-about-a-youth-movement,https://s.yimg.com/ny/api/res/1.2/Y2uBmxGd5AuELFckmx_LsA--/YXBwaWQ9aGlnaGxhbmRlcjt3PTEyMDA7aD04MDA7Y2Y9d2VicA--/https://media.zenfs.com/en/sb_nation_articles_115/a1808a9796223bf5e7e8768fb8875362,http://web.archive.org/web/20260715172746/https://www.milehighhockey.com/avalanche-analysis/65154/are-the-avalanche-serious-about-a-youth-movement,"Recently in a series of press conferences, Colorado Avalanche GM Joe Sakic set up his offseason message to the fanbase and managed expectations about heading into the 2026-27 season with a worse rost… [+6507 chars]",,Meinen die Avalanche es ernst mit einer Jugendbewegung? Aufschlüsselung der neuesten Entwicklungsstrategie Colorados.,Are the Avalanche serious about a Youth Movement?. Breaking down Colorado’s latest development strategy.,Suntne NIVIS gravis de Motu Iuventutis?. Deruptione Colorado tardus progressionis militaris.,2026-08-01 14:39:02+00:00
5a59750601fde4e0e02f61b590a1f67f,2026-07-15T18:47:20Z,'avalanche missing',theleadsm.com,en,0.2,Which NHL Franchises Have the Best Front Offices? Part 2,"In part one, the Colorado Avalanche, Dallas Stars, Minnesota Wild and Carolina Hurricanes took spots four through seven in our ranking of the best front offices. Each of those teams has made a few mistakes over the years, but big wins have far overshadowed th…",https://theleadsm.com/which-nhl-franchises-have-the-best-front-offices-part-2/?utm_source=rss&amp;utm_medium=rss&amp;utm_campaign=which-nhl-franchises-have-the-best-front-offices-part-2,https://s.yimg.com/ny/api/res/1.2/M0PsVj8.mA.v1bgg8BRBBA--/YXBwaWQ9aGlnaGxhbmRlcjt3PTEyMDA7aD04MDA7Y2Y9d2VicA--/https://media.zenfs.com/en/the_lead_articles_184/69dc6a0bf41c15cdaca72d97b82f4c30,,"In part one, the Colorado Avalanche, Dallas Stars, Minnesota Wild and Carolina Hurricanes took spots four through seven in our ranking of the best front offices. 
Each of those teams has made a few … [+11875 chars]",,"Welche NHL-Franchises haben die besten Front Offices? Teil 2. Im ersten Teil belegten Colorado Avalanche, Dallas Stars, Minnesota Wild und Carolina Hurricanes die Plätze vier bis sieben in unserem Ranking der besten Front Offices. Jedes dieser Teams hat im Laufe der Jahre ein paar Fehler gemacht, aber große Siege haben das bei weitem in den Schatten gestellt …","Which NHL Franchises Have the Best Front Offices? Part 2. In part one, the Colorado Avalanche, Dallas Stars, Minnesota Wild and Carolina Hurricanes took spots four through seven in our ranking of the best front offices. Each of those teams has made a few mistakes over the years, but big wins have far overshadowed th…","Quod NHL Franchises Optima Front Officia? Pars 2. Parte una, Colorado Avalanche, Dallas Stellae, Minnesota Wild et Carolina Hurricanes quattuor per septem maculas in ordine nostro optimorum officiorum anteriorum sumpserunt. Quisque illarum iugis paucas errata per annos fecit, sed magnas vincit longe obumbravit...",2026-08-01 14:39:02+00:00
64dbeaf5a5187752335e37919357dcbb,2026-07-18T16:00:58Z,'avalanche missing',www.milehighhockey.com,en,0.2,Avalanche Bests and Blursts: 2015-2020,This is the fifth in an ongoing series covering thirty years of bests (and blursts) of Colorado Avalanche hockey!,https://www.milehighhockey.com/colorado-avalanche-feature-stories/65269/avalanche-bests-and-blursts-2015-2020,https://s.yimg.com/ny/api/res/1.2/Kz3YVIMvuXknCCll5BPqlw--/YXBwaWQ9aGlnaGxhbmRlcjt3PTEyMDA7aD05MDE7Y2Y9d2VicA--/https://media.zenfs.com/en/sb_nation_articles_115/5399b132a62cd36a479dae935853a849,http://web.archive.org/web/20260719130638/https://www.milehighhockey.com/colorado-avalanche-feature-stories/65269/avalanche-bests-and-blursts-2015-2020,"The past thirty years of Avalanche hockey have featured incredible highs, and some very, very dismal lows.
As an avid fan of The Simpsons, Ive witnessed plenty of best of times moments, but also bee… [+24808 chars]",,Avalanche Bests und Blursts: 2015–2020. Dies ist der fünfte Teil einer fortlaufenden Serie über dreißig Jahre voller Bestleistungen (und Höhepunkte) des Colorado Avalanche-Hockeys!,Avalanche Bests and Blursts: 2015-2020. This is the fifth in an ongoing series covering thirty years of bests (and blursts) of Colorado Avalanche hockey!,NIVIS Raptores et Blursts: 2015-2020. Haec est quinta series continuae obtegens triginta annos bestiorum (et blursts) Colorado Avalanche hockey!,2026-08-01 14:39:02+00:00
e06401cbb4336f82b92ecd45d4e43be8,2026-07-25T15:00:00Z,'avalanche missing',www.milehighhockey.com,en,0.2,Avalanche Bests and Blursts: 2020-Present,This is the final entry in an ongoing series covering thirty years of bests (and blursts) of Colorado Avalanche hockey!,https://www.milehighhockey.com/colorado-avalanche-feature-stories/65383/avalanche-bests-and-blursts-2020-present,https://s.yimg.com/ny/api/res/1.2/OgjmTskrr1RFKIxEKMtLlQ--/YXBwaWQ9aGlnaGxhbmRlcjt3PTEyMDA7aD03OTY7Y2Y9d2VicA--/https://media.zenfs.com/en/sb_nation_articles_115/beed4f52d59b4879626d27d3f5da4d5f,http://web.archive.org/web/20260726025135/https://www.milehighhockey.com/colorado-avalanche-feature-stories/65383/avalanche-bests-and-blursts-2020-present,"The past thirty years of Avalanche hockey have featured incredible highs, and some very, very dismal lows.
As an avid fan of The Simpsons, Ive witnessed plenty of best of times moments, but also bee… [+28471 chars]",,Avalanche Bests und Blursts: 2020-heute. Dies ist der letzte Eintrag in einer fortlaufenden Serie über dreißig Jahre voller Bestleistungen (und Höhepunkte) des Colorado Avalanche-Hockeys!,Avalanche Bests and Blursts: 2020-Present. This is the final entry in an ongoing series covering thirty years of bests (and blursts) of Colorado Avalanche hockey!,Avalanche Raptores et Blursts: 2020-Praesens. Hic est ultimus introitus in serie continua continens triginta annos optimorum (et blursts) hockey Colorado Avalanche!,2026-08-01 14:39:02+00:00
ab8179e405b9ca878de6750fe274ae5d,2026-07-25T16:02:53Z,'avalanche missing',thehockeynews.com,en,0.2,This “Worst Contract” Ranking Is Missing the Whole Point,The Athletic buried Brett Kulak’s new deal as one of the NHL’s worst — but anyone who actually watched him play knows the numbers only tell half the story.,https://thehockeynews.com/nhl/colorado-avalanche/latest-news/this-worst-contract-ranking-is-missing-the-whole-point,https://s.yimg.com/lo/mysterio/api/6f009d4ccbbcafccde6cf853c0349114b6e82161d6b675c095fc0f4fa04d4057/lightyear_networkapi/resizefill_w1200;quality_80;format_webp/https:%2F%2Fmedia.zenfs.com%2Fen%2Fthe_hockey_news_colorado_avalanche_articles_301%2Fa8ed874d886984d7f02b9943356cdc17,http://web.archive.org/web/20260725201748/https://thehockeynews.com/nhl/colorado-avalanche/latest-news/this-worst-contract-ranking-is-missing-the-whole-point,"Not everyone is sold on the Colorado Avalanche's biggest offseason extension.
Just weeks after Colorado committed to veteran defenseman Brett Kulak with a five-year, $22.5 million contract carrying … [+3009 chars]",,"Dieses „schlechteste Vertrag“-Ranking geht am Kern der Sache vorbei. The Athletic bezeichnete den neuen Vertrag von Brett Kulak als einen der schlechtesten in der NHL – aber jeder, der ihn tatsächlich spielen sah, weiß, dass die Zahlen nur die halbe Wahrheit sagen.",This “Worst Contract” Ranking Is Missing the Whole Point. The Athletic buried Brett Kulak’s new deal as one of the NHL’s worst — but anyone who actually watched him play knows the numbers only tell half the story.,"Hoc ""Pessimum contractum"" ordo Absentis totum punctum. Athleticus sepultus est Brett Kulak's novus paciscor ut unus ex pessimis NHL - sed quisquis eum ludere actu observavit numeros tantum dimidias fabulae narrare novit.",2026-08-01 14:39:02+00:00
4894a5e04706862a930f45fb02dae13b,2026-07-28T11:20:00Z,'avalanche missing',www.prnewswire.com,en,0.3,"New Geo-Political Thriller Explores Personal Honor, Family Devotion, and Asian-Pacific Geopolitical Tensions","Mark Anthony's debut novel follows an ordinary man whose search for a missing Korean War hero triggers inadvertent global consequences PORTLAND, Ore., July 28, 2026 /PRNewswire/ -- Spanning 36 years, from 1980s St. Louis to 2016 North Korea, author Mark Antho…",https://www.prnewswire.com/news-releases/new-geo-political-thriller-explores-personal-honor-family-devotion-and-asian-pacific-geopolitical-tensions-302835992.html,https://mmx.prnewswire.com/media/MS1959513/Archway-Publishing-Inadvertent-Consequences-The-Voice-Mark-Anthony-New-Geo-Political-Thriller.jpg?id=OA2796819&p=facebook,http://web.archive.org/web/20260728221140/https://www.prnewswire.com/news-releases/new-geo-political-thriller-explores-personal-honor-family-devotion-and-asian-pacific-geopolitical-tensions-302835992.html,"Mark Anthony's debut novel follows an ordinary man whose search for a missing Korean War hero triggers inadvertent global consequences
PORTLAND, Ore., July 28, 2026 /PRNewswire/ -- Spanning 36 years… [+3259 chars]",,"Neuer geopolitischer Thriller untersucht persönliche Ehre, familiäre Hingabe und geopolitische Spannungen im asiatisch-pazifischen Raum. Mark Anthonys Debütroman handelt von einem gewöhnlichen Mann, dessen Suche nach einem vermissten Helden aus dem Koreakrieg unbeabsichtigte globale Konsequenzen nach sich zieht. PORTLAND, Oregon, 28. Juli 2026 /PRNewswire/ – 36 Jahre lang, vom St. Louis der 1980er Jahre bis nach Nordkorea im Jahr 2016, hat der Autor Mark Antho…","New Geo-Political Thriller Explores Personal Honor, Family Devotion, and Asian-Pacific Geopolitical Tensions. Mark Anthony's debut novel follows an ordinary man whose search for a missing Korean War hero triggers inadvertent global consequences PORTLAND, Ore., July 28, 2026 /PRNewswire/ -- Spanning 36 years, from 1980s St. Louis to 2016 North Korea, author Mark Antho…","Novus Geo-Politicus Thriller Personalem Honorem, Familiam Devotionem Explorat, et Tensiones Geopoliticas Asiano-Pacificas. Marcus Antonius debut novum hominem ordinarium sequitur, cuius investigatio pro absente bello Coreano heroi triggers consectaria globalis non immemor PORTLAND, Ore., die 28 Iulii 2026 /PRNewswire/ -- Spanning 36 annis, a 1980s Sancti Ludovici usque ad 2016 Coream Septentrionalem, auctor Mark Antho…",2026-08-01 14:39:02+00:00
4bfc5e113f98821f6031f221996c6f65,2026-07-30T23:00:07Z,'avalanche missing',www.bbc.co.uk,en,0.8,Nirmal Purja among 10 climbers feared missing after avalanche,"An American, a Chinese national, an Omani and five Nepalis are said to be part of the group feared missing in Pakistan.",https://www.bbc.co.uk/news/articles/cddjz1r01l8o,https://ichef.bbci.co.uk/ace/branded_news/1200/cpsprodpb/1a2d/live/537ff930-6139-11ee-b101-6f93d6dfbcc2.png,http://web.archive.org/web/20260731011034/https://www.bbc.co.uk/news/articles/cddjz1r01l8o,"A ten-member international mountaineering team led by renowned Nepal-born former Royal Marine Nirmal Purja is feared missing after an avalanche on Pakistan's Broad Peak, one of the highest mountains … [+794 chars]",,"Nirmal Purja gehört zu den zehn Bergsteigern, die nach einem Lawinenabgang befürchtet werden, vermisst zu werden. Ein US-Amerikaner, ein Chinese, ein Oman und fünf Nepalesen sollen zu der Gruppe gehören, die in Pakistan als vermisst befürchtet wird.","Nirmal Purja among 10 climbers feared missing after avalanche. An American, a Chinese national, an Omani and five Nepalis are said to be part of the group feared missing in Pakistan.","Nirmal Purja in 10 viverra tellus metus, eget consequat nibh. Americanus, nationalis Sinensis, vir Omani et quinque Nepalis dicuntur esse partem coetus timendi absentis in Pakistan.",2026-08-01 14:39:02+00:00
0c5f94893fe65220505b3e793fe95b39,2026-07-30T23:00:07Z,'avalanche missing',www.bbc.com,en,0.8,Nirmal Purja: Ex-Royal Marine among 10 climbers feared missing after avalanche in Pakistan,"An American, a Chinese national, an Omani and five Nepalis are said to be part of the group feared missing in Pakistan.",https://www.bbc.com/news/articles/cddjz1r01l8o,https://ichef.bbci.co.uk/news/1024/branded_news/e632/live/d7597730-8c6b-11f1-a7ab-8b30adf0800a.jpg,http://web.archive.org/web/20260730233553/https://www.bbc.com/news/articles/cddjz1r01l8o,"An American, a Chinese national, an Omani and five Nepalis are said to be part of the climbing group. Purja, the expedition leader, is known for climbing all 14 of the world's 8,000-metre plus mounta… [+35 chars]",,"Nirmal Purja: Ehemaliger Royal Marine unter 10 Bergsteigern, die nach Lawine in Pakistan als vermisst befürchtet werden. Ein US-Amerikaner, ein Chinese, ein Oman und fünf Nepalesen sollen zu der Gruppe gehören, die in Pakistan als vermisst befürchtet wird.","Nirmal Purja: Ex-Royal Marine among 10 climbers feared missing after avalanche in Pakistan. An American, a Chinese national, an Omani and five Nepalis are said to be part of the group feared missing in Pakistan.","Nirmal Purja: Ex-Regius Marine inter 10 viverra tellus timebat absentis post montem cadentem in Pakistan. Americanus, nationalis Sinensis, vir Omani et quinque Nepalis dicuntur esse partem coetus timendi absentis in Pakistan.",2026-08-01 14:39:02+00:00
a31b5d8555c6aec007904e81b20e10f1,2026-07-31T00:51:42Z,'avalanche missing',www.cnn.com,en,0.8,World-renowned climber Nirmal Purja among 10 feared missing following avalanche in Pakistan | CNN,"World-renowned climber Nirmal Purja is feared missing following an avalanche on Broad Peak in Pakistan, the Alpine Club of Pakistan said in a statement.",https://www.cnn.com/2026/07/30/asia/climber-nirmal-purja-feared-missing-intl-hnk,"https://media.cnn.com/api/v1/images/stellar/prod/gettyimages-1811859908.jpg?c=16x9&q=w_800,c_fill",,"World-renowned climber Nirmal Purja is feared missing following an avalanche on Broad Peak in Pakistan, the Alpine Club of Pakistan said in a statement.
The Nepal-born climber made history in 2019, … [+948 chars]",,"Der weltbekannte Bergsteiger Nirmal Purja unter 10 wird nach Lawinenunglück in Pakistan als vermisst befürchtet | CNN. Der weltbekannte Kletterer Nirmal Purja wird nach einer Lawine am Broad Peak in Pakistan als vermisst befürchtet, teilte der Alpine Club of Pakistan in einer Erklärung mit.","World-renowned climber Nirmal Purja among 10 feared missing following avalanche in Pakistan | CNN. World-renowned climber Nirmal Purja is feared missing following an avalanche on Broad Peak in Pakistan, the Alpine Club of Pakistan said in a statement.","Mundus inclitus exhibuit Nirmal Purja inter 10 timuit absentis sequenti NIVIS in Pakistan | Rhoncus. Mundus inclitus exhibuit Nirmal Purja timetur absentem sequentem NIVIS in latitudinem Peak in Pakistan, in propositione Alpini Pakistani dixit.",2026-08-01 14:39:02+00:00
2aeba3b6f293a344c0c220767932d721,2026-07-31T00:51:48Z,'avalanche missing',www.dailymail.com,en,0.8,Ex-Royal Marine is feared missing after an avalanche on one of the highest mountains in the world,"Nirmal Purja, a mountaineer who served in the British military for 15 years, went missing after leading an expedition up Pakistan's Broad Peak.",https://www.dailymail.com/news/article-16018417/Ex-Royal-Marine-feared-missing-avalanche-one-highest-mountains-world.html,https://i.dailymail.com/1s/2026/07/31/01/110357015-0-image-m-13_1785458998455.jpg,http://web.archive.org/web/20260731105320/https://www.dailymail.com/news/article-16018417/Ex-Royal-Marine-feared-missing-avalanche-one-highest-mountains-world.html,"A former Royal Marine is among ten people feared missing after an avalanche on one of the world's tallest mountains. 
Nirmal Purja, a mountaineer who served in the British military for 15 years, wen… [+1934 chars]",,"Der ehemalige Royal Marine wird nach einer Lawine auf einem der höchsten Berge der Welt als vermisst befürchtet. Nirmal Purja, ein Bergsteiger, der 15 Jahre lang beim britischen Militär diente, wird vermisst, nachdem er eine Expedition auf den Broad Peak in Pakistan geleitet hatte.","Ex-Royal Marine is feared missing after an avalanche on one of the highest mountains in the world. Nirmal Purja, a mountaineer who served in the British military for 15 years, went missing after leading an expedition up Pakistan's Broad Peak.","Ex-Regia Marine timetur absentis post montem cadentem in uno ex altissimis montibus in mundo. Nirmal Purja, montanus, qui militaribus Britannicis per 15 annos servivit, defuit postquam expeditionem in latiorem Peak Pakistani ducit.",2026-08-01 14:39:02+00:00
e94cbc9e767417ed8ecbbdb6b059f53b,2026-07-31T01:15:47Z,'avalanche missing',english.khabarhub.com,en,0.8,Nirmal Purja among 10 climbers feared missing in Broad Peak,"KATHMANDU: Renowned Nepali mountaineer Nimal Purja is among a group of climbers reported missing after an avalanche struck Pakistan’s Broad Peak. According to the Pakistan Alpine Club, the avalanche hit a climbing team on Broad Peak, an 8,047-meter mountain i…",https://english.khabarhub.com/2026/31/561140/,https://english.khabarhub.com/wp-content/uploads/2019/05/nirmal-purja.jpg,,"KATHMANDU: Renowned Nepali mountaineer Nimal Purja is among a group of climbers reported missing after an avalanche struck Pakistans Broad Peak.
According to the Pakistan Alpine Club, the avalanche … [+1049 chars]",,"Nirmal Purja gehört zu den 10 Bergsteigern, die befürchteten, im Broad Peak vermisst zu werden. KATHMANDU: Der bekannte nepalesische Bergsteiger Nimal Purja gehört zu einer Gruppe von Bergsteigern, die als vermisst gemeldet wurden, nachdem eine Lawine den Broad Peak in Pakistan getroffen hatte. Nach Angaben des Pakistan Alpine Club traf die Lawine ein Kletterteam auf dem Broad Peak, einem 8.047 Meter hohen Berg in …","Nirmal Purja among 10 climbers feared missing in Broad Peak. KATHMANDU: Renowned Nepali mountaineer Nimal Purja is among a group of climbers reported missing after an avalanche struck Pakistan’s Broad Peak. According to the Pakistan Alpine Club, the avalanche hit a climbing team on Broad Peak, an 8,047-meter mountain i…","Nirmal Purja inter 10 viverra tellus timebat defuit in lata Pecco. KATHMANDU: Celebris Nepalica montanus Nimal Purja est inter viverra tellus relata absentis postquam NIVIS CASUS percussit Pakistan scriptor lata. Secundum Pakistan Alpini Club, NIVIS CASUS bigas scandens in lata cacumine percussit, mons 8.047 metri i…",2026-08-01 14:39:02+00:00
495fa932a7544fed0b1cb715ab25a4c7,2026-07-31T02:00:34Z,'avalanche missing',economictimes.indiatimes.com,en,0.8,10 feared missing after avalanche on Pakistan's Broad Peak; world-famous climber Nirmal Purja included,"World-famous mountaineer Nirmal Purja is feared missing after a massive avalanche struck Broad Peak. The Alpine Club of Pakistan confirmed deeply concerning reports of the avalanche which occurred on Thursday. A team of ten climbers, including international n…",https://economictimes.indiatimes.com/news/international/world-news/10-feared-missing-after-avalanche-on-pakistans-broad-peak-world-famous-climber-nirmal-purja-included/articleshow/132753455.cms,"https://img.etimg.com/thumb/msid-132753477,width-1200,height-630,imgsize-125056,overlay-economictimes/articleshow.jpg",http://web.archive.org/web/20260731093852/https://economictimes.indiatimes.com/news/international/world-news/10-feared-missing-after-avalanche-on-pakistans-broad-peak-world-famous-climber-nirmal-purja-included/articleshow/132753455.cms,"Islamabad: World-famous mountaineer Nirmal Purja is feared missing following a massive avalanche on Broad Peak in Pakistan, CNN reported, citing a statement from the Alpine Club of Pakistan.The Nepal… [+1225 chars]",,"10 Personen werden nach Lawine am Broad Peak in Pakistan als vermisst befürchtet; weltberühmter Kletterer Nirmal Purja eingeschlossen. Der weltberühmte Bergsteiger Nirmal Purja wird als vermisst befürchtet, nachdem eine gewaltige Lawine den Broad Peak getroffen hat. Der Alpenverein Pakistans bestätigte seine Besorgnis über die Lawine vom Donnerstag mit Nachdruck. Ein Team von zehn Kletterern, darunter internationale N…","10 feared missing after avalanche on Pakistan's Broad Peak; world-famous climber Nirmal Purja included. World-famous mountaineer Nirmal Purja is feared missing after a massive avalanche struck Broad Peak. The Alpine Club of Pakistan confirmed deeply concerning reports of the avalanche which occurred on Thursday. A team of ten climbers, including international n…","10 timebant absentis post montem cadentem in Pakistan scriptor lata; famosus exhibuit mundum Nirmal Purja comprehendit. Orbis famosus montanus Nirmal Purja timetur absentis post magnam NIVIS CASUS percussit plateae latae. Alpinus Club of Pakistanius de relationibus NIVIS quae die Iovis acciderunt penitus confirmavit. Turma decem viverra tellus, inter internationalis n…",2026-08-01 14:39:02+00:00
bb6fbd616641c66af0368c42c5eba7ad,2026-07-31T03:15:00Z,'avalanche mountain',peoplesreview.com.np,en,0.8,"Nirmal Purja, nine others missing in Broad Peak avalanche","Kathmandu, July 31: Ten climbers, including renowned Nepali mountaineer Nirmal Purja, have gone missing after an avalanche struck Pakistan’s Broad Peak, one of the world’s highest mountains. The avalanche hit the 8,047-meter peak in Pakistan’s Karakoram range…",https://peoplesreview.com.np/2026/07/31/nirmal-purja-nine-others-missing-in-broad-peak-avalanche/,https://peoplesreview.com.np/wp-content/uploads/2026/07/nirmal-purja-1785458290.jpg,,"Kathmandu, July 31: Ten climbers, including renowned Nepali mountaineer Nirmal Purja, have gone missing after an avalanche struck Pakistan’s Broad Peak, one of the world’s highest mountains.
The ava… [+1226 chars]",,"Nirmal Purja, neun weitere werden bei Lawine am Broad Peak vermisst. Kathmandu, 31. Juli: Zehn Bergsteiger, darunter der bekannte nepalesische Bergsteiger Nirmal Purja, werden vermisst, nachdem eine Lawine den Broad Peak in Pakistan, einen der höchsten Berge der Welt, getroffen hat. Die Lawine traf den 8.047 Meter hohen Gipfel im pakistanischen Karakorum…","Nirmal Purja, nine others missing in Broad Peak avalanche. Kathmandu, July 31: Ten climbers, including renowned Nepali mountaineer Nirmal Purja, have gone missing after an avalanche struck Pakistan’s Broad Peak, one of the world’s highest mountains. The avalanche hit the 8,047-meter peak in Pakistan’s Karakoram range…","Nirmal Purja, novem alii desunt in NIVIS lata Peak. Kathmandu, Iulii 31: Decem viverra tellus, in quibus nominati Nepali montanus Nirmal Purja, absentis abiverunt postquam avalanche percussit dui's Broad Peak, unus ex altissimis montibus mundi. NIVIS CASUS 8.047 metrorum in Pakistan's Karakoram range ledo…",2026-08-01 14:39:02+00:00
1b181eba0cb86e098037af94b511555f,2026-07-31T03:21:37Z,'avalanche missing',nypost.com,en,0.8,World-famous climber Nirmal Purja among 10 missing after avalanche atop Pakistan peak,"""If there is an avalanche gully, you just have to go through. And if it hits, you're dead,"" said climber Napier Sandford Fuller.",https://nypost.com/2026/07/30/world-news/world-famous-climber-nirmal-purja-among-10-missing-after-avalanche-atop-pakistan-peak/,https://nypost.com/wp-content/uploads/sites/2/2026/07/Comp_-99.jpg?quality=75&strip=all&w=1200,http://web.archive.org/web/20260731065045/https://nypost.com/2026/07/30/world-news/world-famous-climber-nirmal-purja-among-10-missing-after-avalanche-atop-pakistan-peak/,"Ten mountaineers, including a Texas woman, led by world-famous climber Nirmal Purja, are missing after an avalanche on Pakistan’s Broad Peak and an experienced American alpinist familiar with the con… [+3897 chars]",,"Der weltberühmte Bergsteiger Nirmal Purja gehört zu den zehn Vermissten, die nach einem Lawinenabsturz auf dem pakistanischen Gipfel vermisst wurden. „Wenn es eine Lawinenrinne gibt, muss man einfach hindurch. Und wenn sie einschlägt, ist man tot“, sagte Kletterer Napier Sandford Fuller.","World-famous climber Nirmal Purja among 10 missing after avalanche atop Pakistan peak. ""If there is an avalanche gully, you just have to go through. And if it hits, you're dead,"" said climber Napier Sandford Fuller.","Orbis famosus exhibuit Nirmal Purja inter 10 absentes post montem cadentem NIVIS Pakistan. ""Si NIVIS CONCAVUM est, te solum ire per. Et si percusserit, mortuus es"", Napier Sandford Fuller exhibuit.",2026-08-01 14:39:02+00:00
cb4ec0325197cec5c9b0df0ad34aa2fe,2026-07-02T20:02:36Z,'avalanche snow',www.abc.net.au,en,0.3,School holiday snow arrives at 11th hour after overnight blizzard,"Following the worst start to a ski season in decades, a major snowstorm hit the NSW and Victorian Alps last night.",https://www.abc.net.au/news/2026-07-03/snow-at-last-for-nsw-ski-season-perisher-thredbo-australia/106872456,https://live-production.wcms.abc-cdn.net.au/2650020d12f9dfcb3b69ba82a8e1ffab?impolicy=wcms_watermark_news&cropH=2813&cropW=5000&xPos=0&yPos=469&width=862&height=485&imformat=generic,http://web.archive.org/web/20260703003447/https://www.abc.net.au/news/2026-07-03/snow-at-last-for-nsw-ski-season-perisher-thredbo-australia/106872456,"Following the worst start to a ski season in decades, a major snowstorm hit the NSW and Victorian Alps last night.
The blizzard has rapidly transformed the alpine region, which just 36 hours ago, mo… [+3935 chars]",,In den Schulferien schneit es um die 11. Stunde nach dem nächtlichen Schneesturm. Nach dem schlechtesten Start einer Skisaison seit Jahrzehnten traf gestern Abend ein heftiger Schneesturm über New South Wales und die Viktorianischen Alpen.,"School holiday snow arrives at 11th hour after overnight blizzard. Following the worst start to a ski season in decades, a major snowstorm hit the NSW and Victorian Alps last night.","Scholae feriae nix advenit hora 11 post noctem blizzard. Sequens initium pessimum ad tempus ski in decenniis, maior nivis procella NSW et Victorianas Alpes nocte proxima percussit.",2026-08-01 23:01:30+00:00
337ac3a23b80fc6004bf8ecedaeb55e8,2026-07-11T19:18:07Z,'avalanche snow',www.cnn.com,en,0.3,This summer ski destination in the Andes isn’t getting enough snow,The classic postcard images of the Chilean capital of Santiago surrounded by the snow-covered Andes in winter now seem like pictures from the past.,https://www.cnn.com/2026/07/11/americas/chile-santiago-ski-snow-intl-latam,https://s.yimg.com/lo/mysterio/api/76be4df58805107990fc4a823e49c2b948c9e692bc30c165712f78878230007d/lightyear_networkapi/resizefill_w1200;quality_80;format_webp/https:%2F%2Fmedia.zenfs.com%2Fen%2Fcnn_articles_875%2F990560a7c24f44af399c96de0d78a416,http://web.archive.org/web/20260715070025/https://www.cnn.com/2026/07/11/americas/chile-santiago-ski-snow-intl-latam,"The classic postcard images of the Chilean capital of Santiago surrounded by the snow-covered Andes in winter now seem like pictures from the past.
A yearslong drought that has plagued the country h… [+2920 chars]",,Dieses Sommerskigebiet in den Anden bekommt nicht genug Schnee. Die klassischen Postkartenbilder der chilenischen Hauptstadt Santiago inmitten der schneebedeckten Anden im Winter wirken heute wie Bilder aus der Vergangenheit.,This summer ski destination in the Andes isn’t getting enough snow. The classic postcard images of the Chilean capital of Santiago surrounded by the snow-covered Andes in winter now seem like pictures from the past.,Haec aestas ski destination in Andibus satis nives non questus est. In classica postcardorum imagines capitis Chilean Santiago nivibus Andibus nivibus obductis in hieme nunc apparent sicut picturae ex praeterito.,2026-08-01 23:01:30+00:00
