keyword,sentiment_mean,sentiment_std,subjectivity_mean,subjectivity_std,counting
'avalanche missing',-0.39730339059327335,0.4381281566461765,-0.28480339059327375,0.5972271824131503,2.0
'avalanche mountain',-0.03357603675159032,0.37532214211541953,0.008685058430041748,0.5209501303173144,10.0
'avalanche rescue',0.1094284680941157,0.4214449252785837,-0.10262574700568038,0.4311861865024022,7.0
'avalanche search',-0.9195240398782165,0.30040336812387275,0.85529365258783,0.20956788330133178,2.0
'avalanche ski',0.25451166647304063,0.8332638028335642,0.4690719291389658,0.4122884577185522,3.0
'avalanche snow',-0.03333333333333333,1.0,0.0,1.0,1.0
