week,sentiment_mean,sentiment_std,subjectivity_mean,subjectivity_std,counting
2025-40,-0.5371648812027082,0.5096220316769999,-0.06514288135005115,0.9235925628575387,3.0
2025-41,0.32295144799889214,0.5984162584816315,0.5601422320238562,0.4098443697381706,19.0
2025-42,0.11197145047870709,0.6359223556085472,0.289801292008495,0.49718062862917467,12.0
2025-43,0.012881376569311282,0.43532976686063724,-0.16754765494313847,0.7466636768177396,26.0
2025-44,-0.182857160344606,0.6401707667725685,0.12650543198982972,0.5924520791699216,45.0
2025-45,0.2141358421784317,0.6326722984125646,0.18720528010994436,0.7074354731012052,14.0
2025-46,1.3841505578887354,1.0,0.34046900524402096,1.0,1.0
