topic,sentiment_mean,sentiment_std,subjectivity_mean,subjectivity_std,counting
Adaptation,0.06140438203444712,0.8193974423308766,0.061685923038533215,0.9410917546483272,308.0
Causes,-0.00926216056932077,0.9170393965477865,0.0669191284555858,0.897985329240056,312.0
Hazard,-0.03230277946436005,0.9199684944361793,0.07571385451063946,0.9082893511371757,321.0
Impacts,-0.11727578419955025,0.9103778825023663,-0.010203106933007536,0.8565456078234425,195.0
Mitigation,0.10480873277039918,0.9188542893869156,0.018285535970398375,0.910983037305923,310.0
