topic,sentiment_mean,sentiment_std,subjectivity_mean,subjectivity_std,counting
Adaptation,0.06735135074749699,0.7658533001381038,-0.014465386184395204,0.8284491073833753,180.0
Causes,0.05648363730959957,0.9204420897547096,0.0854436194061331,0.8760897488601893,191.0
Hazard,-0.04637785999245813,0.9084746982015065,0.08536445018222172,0.9446610935633566,242.0
Impacts,-0.1430500863773804,0.866151468443737,0.05361555304631182,0.825274485876736,123.0
Mitigation,0.08279626481047893,0.8896494780768625,0.048604951247941446,0.9059442443760531,185.0
