topic,sentiment_mean,sentiment_std,subjectivity_mean,subjectivity_std,counting
Causes,-0.03333333333333333,1.0,0.0,1.0,1.0
Hazard,0.03290574091563221,0.487167266777086,0.11492818243979344,0.522142563802137,13.0
Impacts,-0.39730339059327335,0.4381281566461765,-0.28480339059327375,0.5972271824131503,2.0
Mitigation,-0.11922764478862481,0.5919112158440547,0.11024523068176637,0.5686431807661775,9.0
