topic,sentiment_mean,sentiment_std,subjectivity_mean,subjectivity_std,counting
Adaptation,0.09435097799162533,0.7265476822141449,0.023707323217290018,0.7687786951341992,137.0
Causes,0.09087080203973254,0.873034608118832,0.1036315224024501,0.8611825127841327,153.0
Hazard,-0.0773607526558929,0.8443995330058645,0.09963733535924077,0.905884024764427,172.0
Impacts,-0.1152951308038325,0.8672027262964097,0.051755881432598835,0.8733370693917561,100.0
Mitigation,0.052808535473600995,0.9327162847172688,0.05881442772826139,0.897581073779513,139.0
