keyword,sentiment_mean,sentiment_std,subjectivity_mean,subjectivity_std,counting
'avalanche missing',-0.39730339059327335,0.4381281566461765,-0.28480339059327375,0.5972271824131503,2.0
'avalanche mountain',0.03189554134588192,0.5726343648688287,-0.162580865959801,0.6741134459680661,10.0
'avalanche rescue',0.18413825723066968,0.44372802085718066,-0.0014091809816518946,0.4912429695453173,8.0
'avalanche search',-0.48697502676746407,0.40464048069962266,0.45587710969822,0.34866421592963515,7.0
'avalanche ski',0.25451166647304063,0.8332638028335642,0.4690719291389658,0.4122884577185522,3.0
'avalanche snow',-0.03333333333333333,1.0,0.0,1.0,1.0
