topic,sentiment_mean,sentiment_std,subjectivity_mean,subjectivity_std,counting
Adaptation,0.07493363177657564,0.7920895609909523,0.045976426275251336,0.8992299648070037,224.0
Causes,-0.000309300731816735,0.9170124551598805,0.08560059218955865,0.8710858352978457,230.0
Hazard,-0.021163127712189044,0.9055636805683045,0.06699965563353033,0.9193412515638714,272.0
Impacts,-0.15213474032439986,0.8876238061749968,0.06768615168285746,0.8242641264512847,138.0
Mitigation,0.0936878976031783,0.9138112084122786,-0.013161252424600279,0.9247825888007151,231.0
