topic,sentiment_mean,sentiment_std,subjectivity_mean,subjectivity_std,counting
Adaptation,0.11019349494321738,0.6879787844100436,0.023717999804039817,0.7362465073174904,93.0
Causes,0.0751863708545374,0.7350287303631086,0.0899974210180096,0.7438596733864866,106.0
Hazard,-0.03888138890580575,0.8661707747737579,0.09983450349480723,0.8914586680390071,108.0
Impacts,-0.1363790626635788,0.9042191163657289,0.060359075435711285,0.8390202918517146,56.0
Mitigation,0.027274397567795115,0.8848508135127221,0.1266836084112253,0.9092992072801573,107.0
