topic,sentiment_mean,sentiment_std,subjectivity_mean,subjectivity_std,counting
Adaptation,0.04650119315544028,0.5157642229551888,-0.03781967002709564,0.666831631305962,33.0
Causes,0.0633795068977241,0.5295866255886603,0.12066351738690463,0.7063734417962315,41.0
Hazard,-0.048056975481598936,0.681095570616389,0.1761049421570297,0.7850017284617298,51.0
Impacts,-0.010649104444340885,0.8439976126981587,0.1898323291559478,0.7099446119606435,20.0
Mitigation,0.06492867113455324,0.8092272197892391,0.1893765385022728,0.6654971678734992,55.0
