topic,sentiment_mean,sentiment_std,subjectivity_mean,subjectivity_std,counting
Adaptation,0.12552078564680513,0.39579395857466904,0.16014895402822657,0.38346228597165877,17.0
Causes,-0.07807588859039158,0.32751855133423785,0.14598534058447396,0.4446420884893672,11.0
Hazard,-0.02703775948964789,0.5153084527568284,0.07991273955012408,0.7583049769704392,32.0
Impacts,-0.38068911701733993,0.6844478724618964,-0.04515953793760763,1.0915521728475723,5.0
Mitigation,0.07130132416761044,0.7574695885000291,0.21412882713859324,0.6308486676328463,54.0
