topic,sentiment_mean,sentiment_std,subjectivity_mean,subjectivity_std,counting
Adaptation,0.12552078564680513,0.39579395857466904,0.16014895402822657,0.38346228597165877,17.0
Causes,0.04377631528286901,0.5250640376873962,0.1621923126394362,0.42765085302923816,12.0
Hazard,-0.05911055478765426,0.4752118496078987,0.06970410497540745,0.7767577737093376,32.0
Impacts,-0.38068911701733993,0.6844478724618964,-0.04515953793760763,1.0915521728475723,5.0
Mitigation,0.06467500734626729,0.7608940467996911,0.21387340678946196,0.6317564674253585,54.0
