topic,sentiment_mean,sentiment_std,subjectivity_mean,subjectivity_std,counting
Adaptation,0.06454044290160849,0.801807408665732,0.03481332686053273,0.9095412539162306,254.0
Causes,-5.02453405935612e-05,0.9103949771809879,0.10478181651208217,0.8855672112197943,252.0
Hazard,-0.020637839165794345,0.9123646046046433,0.08197106258596977,0.9135958701681703,287.0
Impacts,-0.16237323842139048,0.8914208379721087,0.024416088195805274,0.8297631233934621,154.0
Mitigation,0.1060155548147632,0.920432643307151,-0.007158721968162628,0.9248314987103099,255.0
