topic,sentiment_mean,sentiment_std,subjectivity_mean,subjectivity_std,counting
Adaptation,0.07158576313422861,0.8107793208782119,0.05398144362016873,0.9324458384924429,288.0
Causes,-0.012979558466384133,0.9128712740171959,0.07813785264004448,0.8938919100040669,294.0
Hazard,-0.03576224522827844,0.9207295370063946,0.07885162457507329,0.9113569621058831,310.0
Impacts,-0.12111418196251744,0.8985454081506922,0.003598741442853038,0.8414914971316244,183.0
Mitigation,0.1055577207283698,0.9263881897239575,0.0015806075549882625,0.9188200614045562,292.0
