topic,sentiment_mean,sentiment_std,subjectivity_mean,subjectivity_std,counting
Adaptation,0.053905922652293554,0.5738665116004527,-0.04104583528652031,0.7939283341758779,68.0
Causes,0.06709948596585291,0.6764780710884304,0.16817071163410677,0.7111878896033025,75.0
Hazard,-0.011881737873082698,0.7603195221578656,0.11904310293438054,0.8272619552527458,67.0
Impacts,-0.12655456690269334,0.9370780640869134,0.09389878690165664,0.7321666712225006,39.0
Mitigation,0.06352562576412955,0.9055222765893682,0.18240611545457533,0.8160982799958121,68.0
