topic,sentiment_mean,sentiment_std,subjectivity_mean,subjectivity_std,counting
Causes,-0.03333333333333333,1.0,0.0,1.0,1.0
Hazard,0.08326849329830316,0.6092490355404598,-0.016814836321624053,0.667742414630846,13.0
Impacts,-0.39730339059327335,0.4381281566461765,-0.28480339059327375,0.5972271824131503,2.0
Mitigation,-0.12904794196845942,0.5373302227787937,0.21199108800228833,0.47804050472310533,15.0
