topic,sentiment_mean,sentiment_std,subjectivity_mean,subjectivity_std,counting
Adaptation,0.0739905706853505,0.8147375272094043,0.05232173519396055,0.932118864244864,278.0
Causes,-0.0084625167955903,0.9071591310474467,0.0930850141134614,0.8797112391364721,282.0
Hazard,-0.03051868822810105,0.9210966487234882,0.07893475848822865,0.9132457486483433,304.0
Impacts,-0.1385273902948262,0.899914279286104,0.01469194815144068,0.8361757558986569,177.0
Mitigation,0.10332960520274163,0.9172339675701309,-0.01204321107126803,0.9251420077615506,284.0
