topic,sentiment_mean,sentiment_std,subjectivity_mean,subjectivity_std,counting
Adaptation,0.07040659349119628,0.7732284162873422,0.014690846305204125,0.877792583917002,214.0
Causes,-0.0023276699722996294,0.9211223137604141,0.09322084389583978,0.8882937665490392,225.0
Hazard,-0.029196068404570886,0.9096502146049682,0.06689875171542962,0.9273748743429955,264.0
Impacts,-0.13725124023519358,0.8823635219759531,0.06360531313501586,0.8196014252766123,134.0
Mitigation,0.09751596060309894,0.9264986005492296,0.010123434676348266,0.9249195917763863,222.0
