topic,sentiment_mean,sentiment_std,subjectivity_mean,subjectivity_std,counting
Adaptation,0.06371456848400138,0.8080230077700745,0.04208903438262845,0.9409028369825841,286.0
Causes,-0.00832630278123169,0.9165596717457763,0.10361797680833237,0.8727508051270183,286.0
Hazard,-0.03334199660606102,0.9206004887741004,0.07788801175775298,0.9118893296955278,309.0
Impacts,-0.12320295751076481,0.902039683734475,0.0021340881361546966,0.8521022050428783,181.0
Mitigation,0.10674552977457188,0.9206700605124487,-0.008244349749009379,0.918512654416249,286.0
