topic,sentiment_mean,sentiment_std,subjectivity_mean,subjectivity_std,counting
Adaptation,0.07932561962980847,0.7946487586624349,0.03689519606421064,0.9026797476196711,236.0
Causes,0.010513879464076958,0.910987648915628,0.09236661703863044,0.8687718629850592,238.0
Hazard,-0.019480219990125967,0.9156156762660116,0.09005118404927312,0.9199768593453994,282.0
Impacts,-0.16609506327346604,0.8862060411683403,0.04007967020335943,0.8329358060585248,152.0
Mitigation,0.09090220582721854,0.905770234655341,-0.015271746112545248,0.9216444534760263,238.0
