topic,sentiment_mean,sentiment_std,subjectivity_mean,subjectivity_std,counting
Adaptation,0.06716725249112672,0.7637922423132563,-0.01140846249512281,0.8259108298288339,182.0
Causes,0.05707258277939644,0.9210633861733947,0.08603629982728803,0.8772283373964569,191.0
Hazard,-0.046273492011973595,0.9081680908095364,0.08216849381405643,0.9450165350896486,245.0
Impacts,-0.1406402012344813,0.8713855872979909,0.055042629621757294,0.8298449488859042,123.0
Mitigation,0.08051180528354956,0.8898608263653903,0.0489912926472842,0.9049340734932996,186.0
