topic,sentiment_mean,sentiment_std,subjectivity_mean,subjectivity_std,counting
Adaptation,0.0916853884491156,0.71463791098465,0.027548904142484978,0.77559977348773,146.0
Causes,0.0882459913106595,0.865148394886529,0.09589936676073166,0.8555462485648726,159.0
Hazard,-0.03516677734491554,0.9109208497003776,0.1058066697646659,0.9330646801868403,211.0
Impacts,-0.17001406672340386,0.8602792380179709,0.014462115433581727,0.8568055406186615,112.0
Mitigation,0.05556424757524832,0.9055162966078422,0.04619433941131812,0.9006028136921511,155.0
