topic,sentiment_mean,sentiment_std,subjectivity_mean,subjectivity_std,counting
Adaptation,0.07687490043528562,0.8078159141135226,0.03921324902462387,0.927154360563605,256.0
Causes,-0.0049851386705630765,0.9050334838726259,0.0961490908768313,0.8795748031713745,265.0
Hazard,-0.02560489682034938,0.9175726049439722,0.08765661467593064,0.9043366412212216,302.0
Impacts,-0.15025570445767245,0.8859478358570062,0.03031533781748005,0.8289349841618338,168.0
Mitigation,0.10246792556396361,0.9232880858229853,-0.01496277772633878,0.9352891775504444,264.0
