topic,sentiment_mean,sentiment_std,subjectivity_mean,subjectivity_std,counting
Adaptation,0.09342205971315141,0.6998401555245722,0.013582983930627762,0.7524536623519039,104.0
Causes,0.055271777558283657,0.7458458195083727,0.1410988956379573,0.750876574390124,118.0
Hazard,-0.04038757793179883,0.8618449664692763,0.10969449580258993,0.8836102425277367,112.0
Impacts,-0.06428959344981457,0.9237450444021232,0.04784156400322545,0.858511391445977,61.0
Mitigation,0.017169186624984057,0.8857611898284476,0.0876378120487984,0.9075094029749293,113.0
