topic,sentiment_mean,sentiment_std,subjectivity_mean,subjectivity_std,counting
Adaptation,0.14256180809291494,0.395917800670907,0.1474938768295059,0.39347597956257263,17.0
Causes,0.09480173573699811,0.5353172946542801,0.20410881021998326,0.43644669826265786,13.0
Hazard,-0.07380350747099193,0.544576591423879,0.0930620758497922,0.8054497853554371,33.0
Impacts,-0.38068911701733993,0.6844478724618964,-0.04515953793760763,1.0915521728475723,5.0
Mitigation,0.05906711531973734,0.7468581475244453,0.18456808062949154,0.6291132627616383,54.0
