topic,sentiment_mean,sentiment_std,subjectivity_mean,subjectivity_std,counting
Adaptation,0.06786409254389161,0.8171306030011177,0.05050902077802234,0.9260168469488996,270.0
Causes,0.002527871111822801,0.9073764351690448,0.09774408617587908,0.8832196853294737,273.0
Hazard,-0.028798061987170824,0.923146021084596,0.07637999935160657,0.9118410918515072,302.0
Impacts,-0.1354050894826798,0.8849379283382425,0.02090298806690781,0.8301516245540331,175.0
Mitigation,0.09578312217966414,0.9179408382367645,-0.011634339618037098,0.929918185263552,274.0
