topic,sentiment_mean,sentiment_std,subjectivity_mean,subjectivity_std,counting
Adaptation,0.07447197669192217,0.5621217813564585,-0.03374799671751136,0.8424714878829271,49.0
Causes,-0.0021535897485635115,0.5543078438552969,0.20949505118509087,0.6828404796289862,55.0
Hazard,-0.035547728884191054,0.7105724307013848,0.1632863695756211,0.7632501789102618,53.0
Impacts,-0.0539350727730851,0.9082794073560163,0.14743604130107457,0.6503258593743123,32.0
Mitigation,0.08788779244303857,0.841301438270033,0.10316891964814633,0.7223266185782973,56.0
