topic,sentiment_mean,sentiment_std,subjectivity_mean,subjectivity_std,counting
Adaptation,0.06366793238786705,0.814199359449388,0.051629565601376486,0.9436415024470631,297.0
Causes,-0.006003497496214607,0.9133987268817997,0.08079000528357529,0.8871582799147478,298.0
Hazard,-0.04046723481422589,0.9178620043071846,0.06933885922615562,0.9113585388589001,313.0
Impacts,-0.11018469862266107,0.9063209176516966,0.01267930390828008,0.8389558925104408,188.0
Mitigation,0.10360426759194648,0.9243637916915052,0.009205018159787602,0.9173747456466351,297.0
