topic,sentiment_mean,sentiment_std,subjectivity_mean,subjectivity_std,counting
Adaptation,0.09418790600737527,0.6936225349492642,0.009079245618781366,0.7503661424360147,106.0
Causes,0.0626901177716242,0.7471501125095519,0.14597057956515283,0.7551017632934839,118.0
Hazard,-0.03233669953946717,0.8577971264946704,0.12239259211287186,0.8831772899671512,114.0
Impacts,-0.0809915814991834,0.9264023273840998,0.03249172663420797,0.858666674413267,62.0
Mitigation,0.009311745722319971,0.8901941614767701,0.08708217519072627,0.9045068213930888,114.0
