week,sentiment_mean,sentiment_std,subjectivity_mean,subjectivity_std,counting
2025-40,-0.5371648812027082,0.5096220316769999,-0.06514288135005115,0.9235925628575387,3.0
2025-41,0.32295144799889214,0.5984162584816315,0.5601422320238562,0.4098443697381706,19.0
2025-42,0.11197145047870709,0.6359223556085472,0.289801292008495,0.49718062862917467,12.0
2025-43,0.05235558616685758,0.4822298399547445,-0.15498318162041033,0.727015636392827,26.0
2025-44,-0.17490558015899424,0.6384126579973621,0.12681193640878724,0.5913320416399966,45.0
2025-45,0.2141358421784317,0.6326722984125646,0.18720528010994436,0.7074354731012052,14.0
