topic,sentiment_mean,sentiment_std,subjectivity_mean,subjectivity_std,counting
Adaptation,0.07976784281011323,0.7840743723905936,0.03964934565041591,0.8995345756737917,229.0
Causes,-0.00021540737298351523,0.9120061750448468,0.08845755009849998,0.8686967183301904,234.0
Hazard,-0.03023895510917892,0.9158413624848484,0.07612378080157876,0.9222731740925725,275.0
Impacts,-0.14934213129739232,0.889393279973912,0.07389253513095238,0.817920353852333,143.0
Mitigation,0.10042533492710068,0.9070785961225969,-0.01978122273784422,0.9234323078809397,232.0
