topic,sentiment_mean,sentiment_std,subjectivity_mean,subjectivity_std,counting
Adaptation,0.11059862489022514,0.6537362150783221,0.0035607097721865075,0.75752430322545,87.0
Causes,0.06977215926190745,0.7050920129273569,0.14009636120681407,0.7250243664661934,95.0
Hazard,-0.017527308382173378,0.8342111744928483,0.10701641726160839,0.8850167830534013,91.0
Impacts,-0.14636139493905723,0.9192118243871548,0.12013636323847582,0.7707131901291246,51.0
Mitigation,0.01919333379076888,0.892519219680581,0.1048295167511102,0.8871039512591589,81.0
