week,sentiment_mean,sentiment_std,subjectivity_mean,subjectivity_std,counting
2025-40,-0.7071067811865472,6.661338147750939e-16,5.551115123125783e-17,1.0,2.0
2025-42,-1.1319412985698858,1.0,1.0034805239891127,1.0,1.0
2025-43,0.14300766013538296,0.337986306432202,-0.006796227903984355,0.40831877801208194,14.0
2025-44,-0.1161458333333333,0.5530508705146246,0.1260416666666666,0.5801860248340167,8.0
