week,sentiment_mean,sentiment_std,subjectivity_mean,subjectivity_std,counting
2025-40,-0.7071067811865472,6.661338147750939e-16,5.551115123125783e-17,1.0,2.0
2025-41,0.017045454545454544,1.0,0.09999999999999999,1.0,1.0
2025-42,-1.1319412985698858,1.0,1.0034805239891127,1.0,1.0
2025-43,0.22546541136135523,0.42898289689616076,-0.049468717549741956,0.4641751602634303,14.0
2025-44,-0.17758270644848292,0.543865688134501,0.1523652452595338,0.6186389944843156,13.0
