topic,sentiment_mean,sentiment_std,subjectivity_mean,subjectivity_std,counting
Adaptation,0.04928081488022508,0.5255970989946317,-0.07032542865591536,0.8336225414306262,58.0
Causes,0.034944066713101414,0.5900309095494137,0.20892423501834442,0.6964169006457142,60.0
Hazard,-0.026772026733149292,0.7805839151547048,0.1604568109575075,0.8303067346012728,66.0
Impacts,-0.04840733763208882,0.8723366680364192,0.19965681667285282,0.6438563685435114,35.0
Mitigation,0.0659424655571923,0.8938258251245689,0.08403541975773252,0.7086406355799767,57.0
