week,sentiment_mean,sentiment_std,subjectivity_mean,subjectivity_std,counting
2025-40,-0.5371648812027082,0.5096220316769999,-0.06514288135005115,0.9235925628575387,3.0
2025-41,0.308301960230479,0.5581278428108091,0.5387520784388873,0.3481068039130705,19.0
2025-42,0.15635652375818873,0.5786566366468894,0.2715539658970411,0.5122346149026685,12.0
2025-43,0.04198581574479224,0.42432376317278697,-0.1770345925636638,0.7560814398169974,26.0
2025-44,-0.17938905002063268,0.6471073117881122,0.09553837238737269,0.608364201917626,45.0
2025-45,0.2141358421784317,0.6326722984125646,0.18720528010994436,0.7074354731012052,14.0
2025-46,1.3841505578887354,1.0,0.34046900524402096,1.0,1.0
2025-48,-1.7241677760817824,1.0,1.3084521105095297,1.0,1.0
2025-49,0.7071067811865475,1.0,0.7071067811865476,1.0,1.0
