topic,sentiment_mean,sentiment_std,subjectivity_mean,subjectivity_std,counting
Adaptation,0.07052232359367815,0.7697152045462042,0.0022911437728700733,0.8852632436328758,211.0
Causes,0.012568082707934863,0.9180130691882052,0.09146997836097906,0.8712769458196704,200.0
Hazard,-0.038634823680711555,0.9085801936682321,0.06756110867778199,0.935376728667039,258.0
Impacts,-0.1491081612215834,0.8738093138182748,0.05950559615395158,0.8161508887784639,126.0
Mitigation,0.09522332414235427,0.9244050835159223,0.035998574355943135,0.9077508470029962,220.0
