topic,sentiment_mean,sentiment_std,subjectivity_mean,subjectivity_std,counting
Adaptation,0.06524242770202299,0.8179937015339428,0.06263747789011442,0.9408669260750148,306.0
Causes,-0.0076006183910548525,0.9162199763981247,0.0705773337998088,0.8957406153182185,307.0
Hazard,-0.03244637837546589,0.9220063453581975,0.06853684614085785,0.909821565650085,317.0
Impacts,-0.11797838877153814,0.9079748673772372,-0.005705309053273498,0.8498659070025235,192.0
Mitigation,0.10002154240906562,0.918779841538486,0.018903282420514186,0.9130662849664035,307.0
