topic,sentiment_mean,sentiment_std,subjectivity_mean,subjectivity_std,counting
Adaptation,0.08577969208584067,0.697845831485932,0.0074189882223919396,0.745617455060297,120.0
Causes,0.06757214128148996,0.8427355563029124,0.12001524951670524,0.8431959655240756,142.0
Hazard,-0.034318153438377484,0.8448224021069961,0.10199233277323416,0.8917272434657769,120.0
Impacts,-0.10160191948332453,0.9203493391878371,0.05166433151068893,0.8792870745464422,71.0
Mitigation,0.01808050587249851,0.877878392197783,0.09405620012491471,0.8718665814532401,119.0
